Tijd (s);Test 1;Test 2;Test 3;0 Meting;SLA Prusa;SLA Formlabs;Ultimaker 0.06 mm;Ultimaker 0.1 mm
0;0;0;0;0;0;0;0;0
0,1;1;-8;6;2;6;1;2;0
0,2;6;-4;5;0;6;1;0;2
0,3;0;-8;0;2;7;0;0;2
0,4;-6;-8;-1;0;0;6;2;2
0,5;0;-8;2;0;6;1;0;1
0,6;2;-2;0;0;7;6;0;2
0,7;0;-7;5;0;7;0;0;-6
0,8;4;-7;0;0;2;0;-1;0
0,9;-2;0;0;0;6;5;2;0
1;-1;-8;6;1;6;0;0;0
1,1;4;-8;2;1;7;0;1;1
1,2;-2;-2;-1;0;1;1;7;0
1,3;-2;-8;0;0;6;1;1;0
1,4;-1;-8;3;-7;7;5;0;1
1,5;-2;-2;4;7;7;6;0;2
1,6;-1;-8;6;1;6;7;-1;1
1,7;-2;-8;0;0;6;12;1;1
1,8;0;-7;5;5;6;6;0;1
1,9;1;-8;1;-1;0;5;0;-5
2;0;-8;6;-7;0;2;-1;1
2,1;4;-8;5;2;7;0;0;2
2,2;-1;-8;5;0;6;6;0;2
2,3;-1;-6;5;0;6;-2;0;2
2,4;4;-1;0;1;6;0;0;-5
2,5;5;-6;5;0;7;7;0;3
2,6;5;-9;5;0;6;7;0;-1
2,7;0;-8;-1;-1;6;5;0;-2
2,8;6;-7;5;-2;7;7;0;0
2,9;0;-6;5;0;7;6;-1;-4
3;-3;-7;7;7;5;5;-2;0
3,1;0;-7;5;5;4;2;-1;2
3,2;0;-8;5;1;6;7;0;-5
3,3;7;-7;0;5;6;6;1;-6
3,4;-1;-6;6;0;6;0;0;-7
3,5;0;-9;5;2;7;0;0;-5
3,6;0;-6;4;-1;6;1;1;-4
3,7;4;0;1;0;7;7;0;-6
3,8;-1;-8;7;1;6;6;0;-6
3,9;-2;-7;6;0;6;6;-1;-7
4;-2;-7;7;-1;6;5;2;-5
4,1;0;-13;5;2;-1;5;-1;-4
4,2;4;-8;5;-1;-1;0;0;-6
4,3;4;-8;7;0;5;6;-2;-13
4,4;-1;-6;7;0;7;6;0;-7
4,5;5;-7;0;0;6;6;0;-6
4,6;-4;0;-1;-2;6;7;-1;-5
4,7;3;-8;6;0;6;1;1;-12
4,8;-2;-8;1;-4;6;5;2;-5
4,9;6;-8;0;0;-1;5;0;-6
5;-2;-7;1;0;5;5;2;-6
5,1;6;-8;0;0;6;4;0;-6
5,2;2;-6;5;0;6;6;0;-13
5,3;5;-7;1;1;7;7;0;-5
5,4;-2;-8;0;2;6;7;0;-6
5,5;0;-8;0;0;5;7;0;-4
5,6;-1;-7;-1;-1;6;0;1;-13
5,7;0;-14;-1;0;7;0;0;-6
5,8;-7;-8;0;0;5;0;2;-6
5,9;0;-8;1;0;7;0;0;-13
6;0;-8;0;-7;6;-1;1;-7
6,1;0;-8;5;-6;6;1;0;-12
6,2;-8;-13;-1;-5;6;0;-1;-6
6,3;-1;-7;6;-6;6;0;1;-5
6,4;-2;-6;7;-6;5;0;0;-13
6,5;-1;-8;-1;-6;6;0;1;-11
6,6;-6;-8;-1;-6;6;0;0;-13
6,7;-2;-8;-1;-5;6;1;0;-11
6,8;-2;-13;-1;-5;5;1;0;-11
6,9;-2;-8;0;-6;5;-2;0;-12
7;-7;-8;0;-7;7;0;0;-11
7,1;-2;-6;-6;-4;5;0;1;-11
7,2;0;-13;0;-6;6;0;2;-12
7,3;-2;-13;-1;-5;0;-1;0;-13
7,4;-2;-8;2;-6;5;0;-2;-12
7,5;-2;-14;-6;-6;-1;0;-2;-12
7,6;-2;-15;-7;-6;-1;1;0;-13
7,7;-2;-15;0;-6;5;6;1;-13
7,8;-1;-13;-1;-6;6;0;-6;-18
7,9;-1;-14;-7;-6;7;0;-4;-13
8;-1;-14;-7;-6;6;0;-5;-13
8,1;-2;-13;-1;-6;6;0;2;-13
8,2;1;-15;-7;-7;6;6;-11;-13
8,3;0;-13;-7;-6;-1;1;0;-12
8,4;-1;-13;0;-6;0;6;-3;-12
8,5;-2;-13;-7;-7;7;0;-1;-11
8,6;0;-14;0;-7;6;8;-6;-13
8,7;-2;-12;-6;-6;0;4;-6;-13
8,8;-8;-13;-7;-6;0;12;-6;-13
8,9;-1;-12;0;-6;1;7;-4;-19
9;-2;-12;-7;-6;0;5;-5;-13
9,1;0;-13;-6;-7;-1;6;-5;-11
9,2;0;-14;-2;-6;1;7;0;-13
9,3;0;-15;-8;-7;-6;2;0;-11
9,4;-1;-13;-6;-6;-1;6;-4;-18
9,5;-1;-14;-7;-6;-7;-1;-6;-18
9,6;-1;-13;-6;-6;0;0;-7;-18
9,7;-6;-14;0;-6;-1;0;-4;-17
9,8;-7;-13;-8;-7;-1;1;-6;-19
9,9;-1;-13;-2;-6;-1;0;-2;-17
10;-7;-14;-5;-6;-1;0;-5;-18
10,1;-8;-13;-6;-5;-7;5;-8;-18
10,2;-2;-13;-7;-6;-6;-1;-7;-21
10,3;-7;-14;-2;-5;-6;7;-6;-18
10,4;-6;-14;-1;-7;0;0;-6;-24
10,5;-7;-14;-7;-5;-7;1;-5;-19
10,6;-8;-14;0;-6;-11;-1;-6;-18
10,7;-6;-13;5;-7;-7;0;-5;-23
10,8;-7;-15;-1;-7;-5;0;-7;-18
10,9;-8;-13;-6;-6;-5;0;-6;-30
11;-2;-15;-7;-6;-8;0;-6;-16
11,1;-8;-14;-5;-6;-7;-2;-4;-18
11,2;-6;-19;-7;-7;-6;0;1;-18
11,3;-8;-13;-8;-5;-5;0;-7;-24
11,4;-8;-14;-6;-6;-3;-2;-6;-18
11,5;-6;-15;-1;-6;-6;1;-6;-22
11,6;0;-13;-2;-7;-6;0;-6;-30
11,7;-6;-13;0;-6;-6;0;-6;-18
11,8;-8;-14;0;-6;-7;0;-7;-25
11,9;-3;-14;-6;-6;-6;0;-7;-17
12;-8;-14;-2;-6;-6;0;-2;-20
12,1;-6;-13;-2;-6;-7;-1;-6;-24
12,2;-8;-13;-6;-6;-5;0;-7;-18
12,3;-6;-14;0;-6;-7;0;-6;-26
12,4;-6;-14;-7;-6;-7;-2;-7;-24
12,5;-6;-15;-6;-6;-3;-3;-5;-23
12,6;-8;-15;0;-6;-5;-2;-5;-23
12,7;-6;-14;0;-7;-7;0;-4;-23
12,8;-1;-15;-7;-5;-5;0;-6;-24
12,9;-6;-13;-1;-6;-6;1;-6;-23
13;-2;-8;2;-7;-13;0;-7;-24
13,1;-7;-13;-6;-6;-5;0;-6;-23
13,2;0;-14;-7;-5;-6;1;-13;-24
13,3;-8;-13;-8;-6;-6;0;-6;-23
13,4;-8;-13;0;-6;-5;0;-7;-23
13,5;-7;-12;0;-5;-7;-1;-6;-22
13,6;0;-11;-2;-6;-7;0;-11;-25
13,7;-6;-12;-7;-6;-5;0;-11;-29
13,8;-6;-11;-7;-5;-7;-1;-7;-23
13,9;0;-13;-1;-6;-5;0;-6;-31
14;-8;-14;0;-5;-7;0;-7;-31
14,1;-7;-7;-7;-6;-7;0;-6;-23
14,2;-2;-13;-7;-6;-5;-1;-4;-29
14,3;-7;-13;-7;-6;-6;-2;-6;-31
14,4;-8;-13;0;-6;-5;-7;-11;-23
14,5;-6;-13;-6;-7;-6;0;-13;-23
14,6;-8;-14;-7;-6;-7;0;-4;-24
14,7;-8;-13;-2;-6;-7;0;-13;-24
14,8;-7;-15;-7;-6;-7;0;-13;-23
14,9;-4;-15;6;-6;-6;0;-10;-32
15;-6;-12;-5;-7;-7;0;-8;-27
15,1;-7;-8;-4;-6;-7;0;-13;-31
15,2;-7;-15;-1;-6;-5;-1;-13;-31
15,3;-6;-13;-7;-6;-7;0;-13;-25
15,4;-1;-13;-5;-6;-7;-1;-13;-25
15,5;-6;-12;-1;-7;-6;0;-11;-31
15,6;-7;-13;-9;-6;-13;0;-13;-31
15,7;-7;-11;-6;0;-6;0;-11;-23
15,8;-2;-15;-2;-6;-6;0;-11;-30
15,9;-7;-13;-4;-6;-7;0;-6;-31
16;-6;-13;-7;-5;-14;0;-12;-24
16,1;0;-13;-7;-7;-7;-6;-13;-29
16,2;-8;-13;-9;-6;-12;0;-12;-30
16,3;-6;-13;5;-6;-14;-1;-13;-31
16,4;-7;-13;0;-6;-13;-1;-13;-31
16,5;-5;-15;-7;-6;-6;0;-12;-31
16,6;-1;-7;-1;-4;-12;-7;-6;-29
16,7;-3;-15;-6;-6;-6;-2;-12;-30
16,8;-8;-15;-6;-6;-6;-6;-13;-30
16,9;-7;-13;-7;-6;-13;-5;-11;-30
17;-8;-13;-7;-6;-7;0;-11;-31
17,1;-7;-12;-7;-5;-13;-1;-13;-31
17,2;-6;-13;-1;-7;-14;-6;-11;-30
17,3;0;-12;-7;-6;-13;-7;-6;-29
17,4;-8;-13;-7;-6;-5;-7;-12;-30
17,5;-8;-14;0;-6;-12;-4;-11;-31
17,6;-7;-13;-6;-7;-6;0;-12;-31
17,7;-13;-13;-6;-6;-13;-7;-8;-31
17,8;-8;-13;-6;-5;-12;0;-6;-29
17,9;-7;-13;0;-6;-13;-6;-12;-31
18;-8;-13;-9;-7;-13;-6;-12;-32
18,1;-8;-13;-7;-6;-10;-2;-11;-31
18,2;-8;-13;-7;-4;-13;0;-6;-30
18,3;-8;-15;-7;-8;-13;-6;-13;-31
18,4;-7;-13;-7;-7;-11;-6;-13;-31
18,5;-7;-13;-7;-6;-13;0;-11;-31
18,6;0;-7;-6;-7;-14;-1;-6;-31
18,7;-6;-13;-7;-6;-12;0;-12;-29
18,8;-6;-12;-6;-6;-12;-1;-9;-29
18,9;0;-14;-7;-5;-12;-7;-13;-31
19;-7;-13;-6;-6;-18;-13;-12;-30
19,1;-6;-12;-6;-6;-19;-7;-13;-29
19,2;-6;-13;-6;-6;-13;-1;-12;-31
19,3;-8;-13;-6;-5;-18;-6;-12;-29
19,4;0;-13;-6;-7;-13;-7;-10;-31
19,5;-7;-14;-7;-6;-19;-1;-12;-31
19,6;-7;-13;-8;-6;-14;-6;-13;-29
19,7;-6;-13;-3;-7;-13;-13;-11;-30
19,8;-7;-15;-7;-6;-12;-1;-13;-29
19,9;-7;-14;-7;-5;-12;-7;-11;-31
20;-6;-15;-5;-6;-13;0;-11;-31
20,1;-8;-13;-7;-7;-13;-7;-11;-28
20,2;-1;-15;-7;-7;-13;-6;-11;-30
20,3;-8;-14;-8;-7;-18;-7;-12;-25
20,4;-8;-14;-7;-7;-20;-7;-13;-34
20,5;-8;-13;-6;-7;-16;-7;-12;-29
20,6;-7;-12;-6;-7;-19;-4;-13;-31
20,7;-1;-8;-7;-6;-13;-7;-12;-31
20,8;-8;-13;-8;-5;-11;-7;-12;-31
20,9;-2;-14;-8;-6;-20;-6;-11;-29
21;-7;-14;-7;0;-17;-1;-11;-30
21,1;-7;-13;-6;-7;-18;1;-13;-29
21,2;-8;-15;-6;-6;-18;-8;-11;-30
21,3;-13;-13;-6;-7;-18;-6;-11;-30
21,4;-8;-15;-6;-6;-18;-5;-11;-31
21,5;-8;-13;-6;-7;-18;-7;-13;-29
21,6;-1;-15;-5;-7;-19;-5;-13;-31
21,7;-13;-13;-7;-7;-17;-7;-12;-31
21,8;-7;-15;-7;-6;-14;-6;-17;-31
21,9;-7;-15;-8;-6;-18;-6;-13;-32
22;-1;-13;-6;-7;-19;-7;-13;-30
22,1;-6;-12;-7;-7;-18;-6;-13;-30
22,2;-7;-14;-13;-7;-20;-6;-13;-30
22,3;-7;-12;-7;-6;-18;-7;-11;-31
22,4;-13;-15;-7;-6;-19;-8;-13;-31
22,5;-8;-13;-7;-7;-20;-7;-13;-31
22,6;-7;-13;-7;-7;-18;-8;-11;-31
22,7;-7;-13;-6;-7;-19;-6;-13;-31
22,8;-2;-14;-8;-7;-20;-6;-11;-31
22,9;-8;-13;-7;-6;-18;-12;-11;-30
23;-8;-13;-7;-7;-20;-7;-13;-31
23,1;-8;-14;-6;-6;-18;-7;-13;-31
23,2;-8;-13;-7;-6;-18;-6;-11;-29
23,3;-6;-15;-7;-6;-20;-6;-13;-31
23,4;-7;-13;0;0;-18;-6;-11;-29
23,5;-7;-15;-7;-7;-18;-13;-11;-30
23,6;-6;-13;-6;-7;-18;-8;-12;-30
23,7;-7;-12;-7;-6;-18;-7;-12;-31
23,8;-2;-14;-7;-1;-18;-8;-12;-31
23,9;-8;-13;-7;-6;-19;-6;-12;-33
24;-8;-14;-7;-5;-17;-6;-11;-31
24,1;-7;-13;-14;-7;-18;-6;-13;-31
24,2;-8;-13;-8;-6;-19;-1;-12;-31
24,3;-6;-14;-7;-6;-17;-7;-11;-31
24,4;-8;-14;-5;-6;-18;-7;-11;-29
24,5;-7;-13;-7;-7;-18;-14;-20;-31
24,6;-7;-14;-8;-6;-18;-7;-18;-29
24,7;-8;-13;-12;-6;-18;-6;-13;-31
24,8;-7;-14;-6;-6;-18;-7;-9;-31
24,9;-6;-11;-13;-6;-19;-4;-12;-31
25;-7;-8;-6;-5;-19;-6;-12;-31
25,1;-1;-13;-6;-6;-19;-6;-13;-31
25,2;-6;-13;-7;-7;-19;-6;-12;-35
25,3;-7;-13;-13;-6;-19;-8;-13;-30
25,4;-6;-13;-13;-5;-19;-7;-13;-29
25,5;-6;-13;-8;-6;-18;-7;-12;-36
25,6;-6;-12;-7;-6;-18;-6;-13;-31
25,7;-8;-12;-11;-6;-19;-7;-13;-29
25,8;-7;-13;-7;-7;-18;-7;-12;-31
25,9;-13;-13;-7;-6;-20;-7;-14;-31
26;-9;-15;-7;-6;-17;-7;-13;-29
26,1;-1;-13;-6;-7;-19;-6;-11;-42
26,2;-6;-14;-13;-6;-18;-7;-13;-31
26,3;-8;-14;-12;-7;-18;-6;-13;-29
26,4;-14;-14;-6;-6;-20;-8;-13;-30
26,5;-8;-14;0;-8;-19;-7;-18;-30
26,6;-5;-13;-12;-7;-19;-7;-13;-31
26,7;-8;-13;-8;-7;-16;-7;-12;-31
26,8;-8;-14;-8;0;-17;-6;-13;-37
26,9;-7;-12;-12;-6;-18;-7;-12;-36
27;-7;-13;-12;-6;-19;-7;-12;-29
27,1;-2;-13;-6;-6;-18;-13;-13;-37
27,2;-7;-14;-12;-6;-16;-14;-13;-31
27,3;-8;-13;-13;-7;-19;-7;-12;-31
27,4;-6;-14;-13;-5;-18;-6;-13;-37
27,5;-8;-15;-7;-7;-18;-7;-13;-37
27,6;-10;-12;-7;-4;-18;-12;-11;-38
27,7;-8;-14;-11;-7;-19;-6;-11;-30
27,8;-7;-12;-13;-7;-17;-13;-13;-29
27,9;-7;-13;-12;-7;-19;1;-13;-38
28;-7;-14;-6;-6;-18;-9;-13;-29
28,1;-8;-14;-7;-7;-17;-7;-13;-36
28,2;-7;-15;-8;-6;-18;-6;-13;-33
28,3;-8;-14;-8;-6;-20;-6;-12;-37
28,4;-7;-13;-8;-7;-20;-6;-13;-31
28,5;-7;-13;-13;-6;-20;-6;-11;-38
28,6;-13;-12;-6;-6;-19;-7;-13;-30
28,7;-7;-13;-7;-6;-18;-7;-11;-29
28,8;-8;-14;-8;-6;-18;-6;-13;-32
28,9;-7;-12;-6;-6;-18;-7;-13;-36
29;-9;-13;-13;-6;-19;-13;-11;-31
29,1;-10;-14;-13;-7;-19;-7;-11;-31
29,2;-7;-13;-7;-6;-22;-7;-13;-31
29,3;-13;-13;-7;-6;-31;-14;-13;-36
29,4;-8;-14;-11;-6;-20;-8;-12;-31
29,5;-8;-13;-13;-4;-18;-13;-12;-31
29,6;-9;-15;-11;-6;-18;-9;-13;-36
29,7;-8;-13;-13;-6;-18;-14;-11;-36
29,8;-8;-13;-13;-6;-18;-13;-13;-36
29,9;-9;-14;-12;-6;-20;-13;-12;-36
30;-8;-13;-13;-6;-24;-13;-14;-36
30,1;-8;-12;-7;-6;-18;-6;-11;-35
30,2;-8;-13;-13;-6;-20;-10;-13;-37
30,3;-8;-15;-10;-6;-20;-7;-12;-37
30,4;-8;-15;-7;-6;-19;-7;-13;-36
30,5;-14;-14;-13;-7;-19;-15;-12;-37
30,6;-7;-13;-12;-6;-19;-7;-14;-38
30,7;-7;-13;-13;-6;-19;-7;-13;-36
30,8;-7;-14;-7;-6;-21;-7;-11;-38
30,9;-7;-14;-13;-6;-19;-13;-14;-43
31;-8;-13;-13;-6;-18;-7;-14;-36
31,1;-6;-13;-13;-6;-19;-11;-13;-36
31,2;-12;-13;-9;-6;-19;-12;-13;-43
31,3;-8;-13;-15;-6;-20;-7;-13;-36
31,4;-2;-14;-7;-6;-20;-13;-12;-37
31,5;-13;-13;-12;-6;-19;-11;-11;-43
31,6;-14;-13;-10;-6;-25;-12;-12;-37
31,7;-6;-13;-12;-6;-19;-9;-10;-36
31,8;-8;-14;-13;-6;-25;-7;-12;-36
31,9;-8;-14;-12;-6;-18;-7;-13;-37
32;-13;-13;-7;-7;-18;-9;-13;-38
32,1;-6;-14;-7;-6;-18;-13;-11;-43
32,2;-6;-13;-13;-6;-18;-14;-19;-36
32,3;-13;-14;-13;-7;-20;-14;-11;-36
32,4;-6;-13;-12;-6;-19;-12;-12;-35
32,5;-7;-14;-13;-6;-19;-14;-12;-36
32,6;-7;-13;-14;-7;-22;-13;-12;-36
32,7;-9;-13;-6;-13;-20;-12;-11;-36
32,8;-12;-13;-7;-6;-18;-7;-12;-38
32,9;-7;-13;-11;-7;-17;-13;-13;-37
33;-13;-13;-14;-5;-25;-14;-13;-42
33,1;-7;-13;-12;-6;-18;-14;-13;-36
33,2;-15;-13;-13;-6;-18;-15;-12;-36
33,3;-6;-14;-13;-6;-20;-13;-13;-36
33,4;-13;-14;-13;-6;-24;-14;-13;-42
33,5;-7;-14;-8;-7;-19;-14;-17;-36
33,6;-8;-13;-14;-7;-18;-8;-13;-36
33,7;-6;-13;-13;-6;-19;-12;-13;-37
33,8;-11;-12;-12;-6;-24;-14;-13;-38
33,9;-13;-15;-14;-7;-25;-6;-13;-36
34;-6;-14;-13;-6;-19;-14;-19;-38
34,1;-14;-15;-13;-4;-32;-13;-19;-36
34,2;-13;-14;-7;-6;-23;-14;-12;-36
34,3;-13;-15;-14;-6;-21;-14;-13;-37
34,4;-14;-14;-14;-6;-19;-13;-11;-43
34,5;-15;-14;-13;-6;-18;-13;-12;-38
34,6;-8;-15;-13;-7;-26;-7;-13;-44
34,7;-6;-12;-13;-6;-24;-13;-13;-41
34,8;-7;-14;-13;-11;-25;-13;-12;-37
34,9;-9;-14;-15;-5;-24;-13;-12;-38
35;-13;-15;-7;-7;-23;-13;-18;-37
35,1;-12;-13;-14;-6;-24;-13;-12;-43
35,2;-13;-13;-13;-7;-25;-14;-12;-38
35,3;-9;-14;-13;-6;-25;-15;-12;-40
35,4;-11;-13;-13;-6;-24;-13;-13;-36
35,5;-8;-12;-13;-6;-25;-13;-11;-38
35,6;-15;-12;-14;-6;-24;-13;-13;-36
35,7;-13;-13;-13;-6;-25;-14;-12;-36
35,8;-15;-14;-13;-11;-25;-12;-13;-36
35,9;-13;-12;-13;-6;-24;-13;-12;-38
36;-13;-15;-13;-7;-23;-11;-10;-43
36,1;-12;-14;-15;-7;-25;-13;-13;-37
36,2;-14;-13;-12;-6;-25;-13;-13;-37
36,3;-15;-15;-13;-13;-26;-13;-11;-43
36,4;-13;-15;-15;-8;-23;-14;-13;-42
36,5;-7;-12;-13;-6;-25;-13;-18;-39
36,6;-6;-13;-13;-6;-25;-13;-13;-42
36,7;-15;-12;-15;-6;-24;-6;-11;-37
36,8;-13;-14;-14;-6;-25;-15;-10;-38
36,9;-8;-14;-13;-6;-25;-7;-13;-36
37;-13;-14;-13;-13;-24;-15;-13;-31
37,1;-14;-12;-13;-6;-23;-13;-19;-39
37,2;-13;-12;-13;-9;-24;-13;-13;-36
37,3;-14;-15;-12;-6;-31;-6;-12;-36
37,4;-14;-11;-13;-7;-26;-6;-18;-36
37,5;-13;-13;-13;-12;-29;-13;-11;-43
37,6;-13;-15;-14;-6;-23;-15;-18;-38
37,7;-13;-12;-13;-5;-24;-6;-11;-29
37,8;-8;-13;-12;-6;-23;-13;-18;-38
37,9;-12;-13;-13;-6;-25;-7;-12;-38
38;-13;-14;-13;-12;-25;-7;-11;-43
38,1;-13;-13;-15;-12;-32;-13;-13;-38
38,2;-8;-15;-13;-5;-24;-7;-12;-38
38,3;-14;-14;-13;-5;-24;-8;-12;-43
38,4;-13;-13;-13;-8;-38;-11;-12;-43
38,5;-9;-14;-11;-6;-24;-13;-19;-36
38,6;-13;-14;-11;-6;-31;-14;-12;-42
38,7;-11;-13;-6;-12;-31;-6;-20;-43
38,8;-15;-14;-13;-7;-30;-7;-18;-44
38,9;-13;-8;-13;-6;-32;-7;-15;-42
39;-14;-13;-13;-7;-31;-7;-13;-42
39,1;-15;-12;-12;-5;-32;-13;-18;-43
39,2;-14;-15;-11;-6;-31;-11;-13;-44
39,3;-14;-13;-15;-11;-25;-12;-11;-43
39,4;-12;-14;-13;-7;-31;-12;-19;-44
39,5;-13;-13;-13;-13;-24;-11;-20;-43
39,6;-13;-13;-12;-6;-31;-12;-13;-42
39,7;-13;-14;-13;-6;-31;-13;-19;-42
39,8;-13;-13;-13;-7;-31;-13;-13;-38
39,9;-13;-13;-11;-5;-31;-13;-12;-43
40;-13;-14;-13;-6;-31;-13;-12;-43
40,1;-15;-12;-8;-6;-32;-13;-13;-42
40,2;-15;-14;-13;-7;-31;-13;-13;-44
40,3;-13;-12;-11;-7;-31;-13;-18;-42
40,4;-14;-13;-12;-6;-31;-15;-18;-38
40,5;-13;-15;-13;-6;-36;-8;-26;-43
40,6;-13;-14;-13;-5;-38;-13;-13;-44
40,7;-15;-13;-13;-12;-31;-13;-12;-43
40,8;-13;-13;-13;-11;-31;-13;-13;-43
40,9;-8;-13;-14;-6;-31;-13;-18;-42
41;-13;-14;-13;-7;-37;-6;-13;-43
41,1;-13;-13;-13;-6;-31;-13;-11;-44
41,2;-15;-15;-12;-6;-30;-12;-18;-43
41,3;-14;-13;-13;-5;-32;-13;-18;-43
41,4;-13;-15;-14;-6;-31;-13;-17;-44
41,5;-13;-14;-14;-7;-32;-13;-11;-44
41,6;-13;-13;-13;-19;-37;-13;-15;-43
41,7;-15;-14;-14;-8;-31;-13;-18;-43
41,8;-13;-13;-15;-8;-31;-14;-18;-43
41,9;-14;-13;-13;-14;-37;-13;-13;-42
42;-13;-13;-13;-6;-38;-8;-12;-43
42,1;-13;-13;-13;-11;-38;-13;-12;-37
42,2;-15;-14;-13;-9;-36;-12;-12;-43
42,3;-13;-15;-13;-13;-33;-13;-13;-43
42,4;-9;-13;-13;-7;-30;-13;-11;-45
42,5;-13;-14;-11;-12;-38;-13;-18;-42
42,6;-13;-14;-13;-13;-37;-11;-13;-45
42,7;-13;-13;-13;-12;-37;-7;-13;-42
42,8;-13;-15;-14;-7;-31;-9;-10;-36
42,9;-14;-13;-13;-13;-38;-13;-18;-43
43;-13;-13;-13;-13;-36;-15;-18;-44
43,1;-13;-13;-12;-12;-38;-13;-13;-41
43,2;-13;-13;-13;-13;-38;-7;-13;-43
43,3;-14;-14;-14;-13;-38;-13;-12;-43
43,4;-14;-13;-13;-11;-31;-14;-12;-45
43,5;-13;-13;-15;-12;-38;-7;-13;-44
43,6;-13;-14;-13;-13;-38;-13;-12;-42
43,7;-13;-15;-13;-13;-31;-15;-15;-42
43,8;-13;-15;-13;-13;-37;-14;-12;-43
43,9;-12;-13;-13;-14;-37;-14;-16;-45
44;-14;-13;-12;-12;-38;-7;-17;-45
44,1;-12;-14;-12;-11;-36;-14;-13;-44
44,2;-13;-15;-13;-13;-37;-14;-13;-42
44,3;-14;-14;-13;-12;-36;-13;-11;-43
44,4;-13;-13;-13;-11;-36;-13;-12;-43
44,5;-13;-14;-13;-13;-37;-6;-18;-42
44,6;-14;-15;-13;-13;-36;-6;-12;-43
44,7;-13;-13;-13;-13;-37;-13;-12;-44
44,8;-13;-11;-12;-6;-34;-7;-13;-42
44,9;-13;-15;-14;-6;-37;-7;-13;-38
45;-11;-13;-12;-8;-38;-14;-19;-44
45,1;-13;-13;-14;-13;-38;-13;-18;-43
45,2;-15;-14;-11;-7;-38;-7;-13;-44
45,3;-13;-14;-13;-15;-38;-14;-18;-43
45,4;-13;-13;-15;-11;-37;-12;-24;-44
45,5;-14;-13;-13;-11;-38;-13;-24;-43
45,6;-8;-15;-12;-10;-37;-8;-14;-43
45,7;-13;-13;-14;-5;-36;-13;-18;-43
45,8;-13;-14;-13;-6;-38;-14;-15;-43
45,9;-13;-14;-13;-6;-36;-13;-14;-43
46;-15;-13;-12;-6;-36;-12;-13;-43
46,1;-14;-13;-13;-7;-38;-11;-20;-43
46,2;-13;-14;-13;-6;-37;-6;-11;-43
46,3;-13;-12;-12;-18;-35;-14;-18;-44
46,4;-13;-15;-11;-12;-38;-15;-13;-45
46,5;-14;-14;-11;-11;-36;-13;-13;-42
46,6;-14;-13;-12;-13;-37;-7;-18;-42
46,7;-14;-14;-13;-13;-38;-15;-18;-44
46,8;-13;-14;-13;-12;-37;-14;-18;-42
46,9;-12;-14;-12;-12;-38;-14;-18;-43
47;-13;-14;-13;-11;-38;-15;-18;-43
47,1;-14;-13;-13;-12;-36;-15;-18;-43
47,2;-12;-12;-12;-13;-38;-15;-18;-43
47,3;-13;-14;-11;-12;-38;-15;-18;-44
47,4;-8;-14;-12;-13;-37;-13;-20;-44
47,5;-14;-13;-13;-12;-37;-13;-19;-42
47,6;-14;-12;-14;-12;-36;-14;-13;-42
47,7;-8;-13;-12;-13;-38;-13;-17;-44
47,8;-12;-15;-13;-17;-36;-13;-18;-43
47,9;-13;-13;-12;-14;-37;-15;-12;-43
48;-13;-13;-13;-15;-37;-13;-20;-43
48,1;-13;-13;-8;-12;-36;-13;-18;-43
48,2;-13;-14;-13;-13;-37;-15;-19;-43
48,3;-12;-13;-14;-13;-37;-13;-18;-43
48,4;-13;-15;-11;-13;-38;-13;-11;-43
48,5;-13;-15;-12;-13;-37;-15;-18;-42
48,6;-13;-15;-13;-12;-38;-13;-19;-44
48,7;-13;-14;-11;-12;-37;-12;-18;-43
48,8;-14;-13;-13;-5;-38;-13;-18;-44
48,9;-13;-15;-12;-11;-37;-14;-18;-43
49;-12;-20;-15;-13;-38;-15;-19;-43
49,1;-13;-15;-13;-13;-43;-12;-12;-43
49,2;-12;-13;-13;-13;-37;-14;-20;-43
49,3;-15;-13;-13;-12;-37;-13;-18;-42
49,4;-14;-14;-13;-14;-43;-13;-18;-43
49,5;-14;-8;-12;-12;-38;-13;-19;-42
49,6;-14;-13;-12;-11;-37;-13;-20;-43
49,7;-13;-14;-13;-13;-37;-13;-18;-43
49,8;-13;-14;-11;-17;-45;-13;-12;-43
49,9;-13;-14;-13;-14;-39;-12;-18;-43
50;-14;-13;-14;-12;-38;-13;-18;-43
50,1;-14;-15;-12;-11;-37;-15;-18;-42
50,2;-14;-14;-13;-12;-42;-14;-11;-42
50,3;-13;-13;-13;-13;-36;-13;-13;-43
50,4;-13;-14;-13;-13;-42;-13;-13;-43
50,5;-13;-14;-11;-12;-43;-14;-14;-43
50,6;-14;-13;-11;-14;-37;-14;-20;-43
50,7;-14;-13;-12;-13;-45;-13;-12;-42
50,8;-13;-14;-14;-13;-42;-13;-13;-45
50,9;-14;-15;-13;-13;-43;-13;-13;-43
51;-13;-13;-11;-13;-38;-8;-19;-45
51,1;-14;-13;-13;-14;-36;-13;-12;-43
51,2;-15;-13;-14;-13;-37;-13;-19;-45
51,3;-13;-13;-13;-11;-37;-13;-20;-43
51,4;-15;-13;-13;-7;-37;-7;-18;-43
51,5;-13;-13;-13;-12;-43;-6;-23;-43
51,6;-13;-15;-13;-11;-37;-12;-20;-42
51,7;-13;-12;-13;-14;-43;-16;-23;-44
51,8;-13;-14;-13;-13;-38;-7;-13;-45
51,9;-13;-13;-13;-13;-43;-13;-13;-43
52;-13;-11;-12;-11;-38;-12;-18;-44
52,1;-12;-13;-12;-14;-42;-15;-18;-42
52,2;-13;-15;-15;-18;-36;-13;-19;-44
52,3;-13;-14;-14;-11;-37;-13;-19;-43
52,4;-13;-13;-14;-12;-38;-15;-18;-43
52,5;-12;-14;-13;-12;-43;-15;-19;-43
52,6;-12;-13;-13;-13;-43;-13;-13;-44
52,7;-14;-13;-12;-13;-43;-8;-18;-43
52,8;-13;-14;-11;-11;-43;-12;-19;-43
52,9;-13;-15;-13;-12;-36;-13;-18;-43
53;-15;-13;-13;-20;-43;-13;-15;-43
53,1;-13;-13;-13;-13;-43;-13;-18;-43
53,2;-15;-13;-13;-13;-43;-14;-18;-43
53,3;-14;-13;-13;-11;-38;-14;-19;-45
53,4;-13;-17;-13;-18;-37;-14;-20;-43
53,5;-13;-13;-13;-19;-42;-13;-19;-43
53,6;-15;-13;-13;-17;-36;-14;-13;-43
53,7;-13;-13;-13;-18;-45;-14;-19;-43
53,8;-13;-19;-14;-19;-37;-8;-17;-42
53,9;-13;-14;-13;-18;-37;-13;-18;-43
54;-6;-14;-11;-20;-43;-6;-18;-43
54,1;-13;-13;-12;-18;-43;-13;-18;-43
54,2;-13;-13;-13;-19;-43;-8;-19;-43
54,3;-13;-12;-12;-15;-43;-14;-18;-42
54,4;-13;-14;-13;-17;-43;-13;-20;-44
54,5;-20;-13;-12;-18;-44;-13;-18;-43
54,6;-13;-14;-12;-20;-43;-13;-15;-51
54,7;-13;-14;-13;-18;-42;-13;-18;-43
54,8;-12;-13;-13;-12;-43;-13;-20;-43
54,9;-13;-19;-14;-18;-42;-14;-20;-49
55;-13;-11;-13;-19;-42;-14;-18;-43
55,1;-13;-13;-12;-18;-43;-13;-24;-44
55,2;-13;-13;-14;-7;-49;-13;-17;-45
55,3;-13;-14;-13;-12;-43;-14;-12;-50
55,4;-13;-15;-13;-18;-44;-14;-20;-45
55,5;-13;-13;-11;-17;-43;-12;-20;-43
55,6;-13;-20;-13;-13;-49;-13;-20;-50
55,7;-13;-15;-14;-20;-42;-13;-19;-42
55,8;-12;-20;-14;-20;-49;-8;-14;-43
55,9;-14;-13;-12;-18;-44;-13;-19;-45
56;-13;-13;-13;-12;-43;-13;-17;-49
56,1;-13;-15;-13;-13;-49;-14;-18;-49
56,2;-13;-14;-16;-17;-45;-13;-18;-43
56,3;-13;-13;-12;-18;-42;-13;-19;-45
56,4;-16;-13;-14;-18;-43;-15;-26;-42
56,5;-15;-13;-12;-18;-50;-15;-24;-43
56,6;-14;-14;-13;-13;-38;-15;-16;-43
56,7;-13;-13;-13;-11;-49;-14;-19;-50
56,8;-12;-13;-11;-13;-48;-13;-19;-49
56,9;-13;-14;-13;-19;-43;-13;-20;-49
57;-13;-13;-12;-18;-43;-14;-18;-42
57,1;-13;-19;-13;-14;-49;-14;-18;-43
57,2;-13;-14;-12;-17;-44;-15;-19;-43
57,3;-14;-15;-13;-17;-48;-14;-20;-49
57,4;-13;-13;-19;-19;-49;-13;-18;-44
57,5;-13;-13;-12;-18;-49;-13;-18;-41
57,6;-13;-13;-13;-18;-48;-13;-19;-48
57,7;-6;-20;-13;-13;-43;-13;-18;-47
57,8;-11;-13;-13;-19;-44;-15;-20;-50
57,9;-13;-13;-13;-16;-50;-13;-17;-49
58;-13;-13;-13;-19;-49;-13;-26;-51
58,1;-14;-14;-12;-18;-49;-14;-20;-49
58,2;-13;-13;-13;-13;-49;-15;-18;-50
58,3;-13;-19;-15;-19;-48;-13;-19;-50
58,4;-14;-15;-13;-18;-51;-14;-18;-50
58,5;-13;-13;-13;-20;-49;-13;-20;-50
58,6;-13;-14;-12;-19;-43;-14;-18;-51
58,7;-13;-13;-13;-20;-44;-13;-20;-43
58,8;-15;-11;-13;-17;-50;-15;-20;-50
58,9;-13;-15;-13;-18;-50;-15;-26;-49
59;-14;-12;-13;-20;-50;-15;-26;-49
59,1;-14;-13;-14;-18;-49;-15;-19;-51
59,2;-13;-14;-12;-18;-50;-15;-19;-56
59,3;-14;-14;-12;-12;-48;-13;-18;-49
59,4;-13;-14;-13;-18;-49;-12;-18;-49
59,5;-13;-14;-14;-18;-49;-14;-19;-49
59,6;-13;-13;-18;-19;-42;-13;-20;-50
59,7;-14;-18;-13;-19;-49;-14;-18;-51
59,8;-14;-15;-12;-18;-51;-15;-24;-51
59,9;-12;-13;-13;-18;-49;-12;-31;-49
60;-15;-13;-11;-17;-49;-13;-25;-49
60,1;-14;-15;-19;-17;-50;-15;-24;-49
60,2;-12;-13;-13;-17;-48;-14;-19;-51
60,3;-13;-13;-13;-18;-54;-13;-18;-51
60,4;-14;-12;-12;-19;-48;-13;-20;-49
60,5;-14;-15;-17;-17;-49;-8;-26;-43
60,6;-13;-13;-18;-18;-51;-13;-31;-49
60,7;-13;-14;-13;-11;-49;-13;-26;-49
60,8;-13;-24;-13;-20;-49;-13;-25;-51
60,9;-13;-15;-18;-18;-50;-13;-31;-49
61;-14;-14;-12;-15;-50;-14;-32;-49
61,1;-12;-14;-13;-18;-49;-14;-31;-56
61,2;-13;-13;-12;-13;-50;-14;-25;-51
61,3;-13;-17;-18;-19;-50;-14;-24;-55
61,4;-15;-13;-12;-19;-49;-13;-27;-55
61,5;-12;-18;-17;-18;-49;-15;-31;-54
61,6;-12;-14;-18;-19;-49;-14;-32;-55
61,7;-15;-13;-13;-18;-49;-15;-26;-54
61,8;-14;-18;-13;-13;-49;-14;-26;-56
61,9;-14;-14;-11;-17;-50;-13;-26;-54
62;-15;-13;-13;-18;-49;-15;-31;-49
62,1;-14;-14;-13;-19;-49;-15;-26;-55
62,2;-12;-13;-13;-19;-48;-13;-26;-57
62,3;-14;-19;-12;-19;-49;-13;-25;-56
62,4;-13;-22;-13;-18;-50;-13;-26;-60
62,5;-13;-16;-13;-17;-49;-14;-26;-56
62,6;-13;-13;-11;-18;-49;-14;-25;-56
62,7;-14;-13;-18;-18;-49;-15;-23;-50
62,8;-12;-18;-20;-19;-49;-13;-26;-56
62,9;-13;-13;-11;-18;-51;-13;-26;-56
63;-13;-12;-13;-18;-51;-14;-25;-57
63,1;-13;-13;-13;-19;-50;-13;-26;-54
63,2;-13;-14;-12;-18;-48;-14;-30;-55
63,3;-15;-20;-13;-19;-50;-14;-24;-55
63,4;-13;-13;-19;-20;-49;-7;-26;-56
63,5;-13;-13;-13;-18;-49;-15;-26;-56
63,6;-13;-19;-13;-18;-48;-13;-25;-56
63,7;-12;-19;-18;-18;-49;-15;-25;-56
63,8;-13;-20;-15;-19;-51;-14;-25;-51
63,9;-15;-19;-13;-13;-50;-13;-31;-56
64;-19;-20;-13;-18;-49;-14;-24;-56
64,1;-13;-13;-19;-18;-48;-13;-26;-56
64,2;-12;-13;-19;-19;-49;-13;-25;-62
64,3;-13;-15;-14;-18;-49;-13;-19;-62
64,4;-19;-20;-12;-18;-49;-15;-25;-61
64,5;-15;-18;-19;-18;-49;-14;-25;-60
64,6;-14;-13;-20;-18;-47;-13;-24;-56
64,7;-13;-13;-19;-18;-49;-14;-25;-56
64,8;-12;-13;-13;-26;-50;-13;-30;-56
64,9;-11;-13;-19;-20;-49;-15;-26;-56
65;-13;-13;-18;-20;-49;-15;-25;-62
65,1;-13;-13;-12;-18;-49;-15;-30;-62
65,2;-13;-13;-19;-17;-49;-14;-31;-56
65,3;-14;-14;-12;-18;-49;-15;-26;-56
65,4;-13;-14;-12;-19;-49;-13;-25;-62
65,5;-13;-18;-20;-18;-49;-13;-26;-62
65,6;-13;-13;-18;-20;-49;-15;-24;-57
65,7;-15;-18;-18;-18;-50;-15;-25;-57
65,8;-13;-13;-18;-18;-49;-14;-31;-55
65,9;-13;-19;-18;-18;-50;-15;-31;-60
66;-15;-13;-13;-18;-49;-13;-25;-58
66,1;-13;-18;-18;-18;-48;-16;-31;-62
66,2;-14;-12;-18;-20;-49;-14;-32;-62
66,3;-15;-19;-15;-20;-49;-13;-26;-56
66,4;-13;-19;-18;-20;-48;-15;-25;-62
66,5;-14;-13;-13;-20;-49;-7;-25;-62
66,6;-14;-20;-19;-18;-50;-13;-31;-62
66,7;-13;-18;-17;-17;-50;-14;-26;-62
66,8;-13;-19;-20;-19;-49;-13;-31;-60
66,9;-11;-15;-18;-20;-51;-15;-32;-62
67;-13;-18;-19;-17;-49;-15;-26;-62
67,1;-13;-13;-17;-18;-49;-13;-24;-62
67,2;-13;-20;-18;-18;-50;-15;-25;-62
67,3;-12;-20;-13;-18;-49;-15;-31;-62
67,4;-13;-21;-18;-19;-50;-14;-31;-61
67,5;-12;-19;-19;-18;-49;-12;-31;-62
67,6;-13;-13;-13;-18;-49;-15;-31;-62
67,7;-13;-20;-13;-17;-49;-14;-31;-61
67,8;-20;-14;-20;-18;-49;-14;-29;-61
67,9;-13;-19;-19;-20;-50;-14;-31;-62
68;-18;-20;-13;-19;-48;-12;-31;-62
68,1;-14;-18;-13;-20;-49;-14;-25;-60
68,2;-13;-19;-18;-17;-49;-15;-24;-63
68,3;-14;-20;-22;-20;-55;-13;-25;-61
68,4;-13;-20;-19;-17;-55;-14;-30;-58
68,5;-13;-13;-20;-19;-55;-14;-26;-62
68,6;-13;-14;-18;-18;-54;-14;-30;-61
68,7;-18;-18;-20;-19;-49;-15;-28;-62
68,8;-18;-14;-19;-18;-48;-14;-31;-62
68,9;-13;-14;-13;-18;-48;-13;-31;-62
69;-14;-20;-18;-19;-49;-13;-33;-62
69,1;-13;-20;-13;-18;-52;-14;-30;-61
69,2;-15;-20;-13;-18;-56;-13;-32;-62
69,3;-20;-16;-12;-18;-50;-15;-31;-63
69,4;-15;-13;-20;-19;-56;-13;-33;-62
69,5;-17;-20;-19;-18;-56;-15;-32;-62
69,6;-14;-17;-13;-18;-50;-14;-29;-62
69,7;-14;-13;-11;-18;-56;-13;-31;-62
69,8;-13;-13;-20;-19;-56;-13;-31;-62
69,9;-14;-13;-13;-17;-55;-13;-30;-61
70;-15;-12;-20;-19;-49;-15;-31;-62
70,1;-15;-19;-18;-18;-49;-13;-33;-62
70,2;-13;-20;-18;-18;-55;-14;-31;-62
70,3;-12;-18;-15;-19;-56;-15;-30;-62
70,4;-14;-13;-12;-20;-49;-15;-31;-62
70,5;-19;-14;-18;-18;-49;-14;-26;-62
70,6;-14;-14;-20;-18;-55;-14;-31;-62
70,7;-12;-18;-24;-18;-54;-13;-31;-62
70,8;-15;-19;-18;-18;-55;-13;-31;-61
70,9;-13;-18;-19;-17;-54;-12;-31;-63
71;-18;-13;-20;-18;-56;-14;-33;-62
71,1;-15;-14;-13;-20;-56;-15;-31;-62
71,2;-13;-13;-19;-18;-54;-14;-31;-62
71,3;-14;-20;-19;-17;-52;-13;-26;-61
71,4;-13;-18;-18;-18;-55;-14;-33;-61
71,5;-17;-13;-18;-19;-56;-17;-32;-62
71,6;-15;-19;-19;-20;-54;-14;-31;-62
71,7;-13;-20;-19;-18;-53;-16;-31;-67
71,8;-15;-13;-18;-18;-56;-13;-32;-62
71,9;-20;-22;-14;-18;-55;-14;-31;-62
72;-13;-14;-20;-20;-56;-14;-24;-61
72,1;-13;-13;-16;-18;-56;-14;-33;-62
72,2;-13;-14;-18;-19;-54;-13;-31;-61
72,3;-13;-14;-13;-19;-55;-13;-31;-61
72,4;-19;-14;-17;-18;-62;-14;-31;-62
72,5;-12;-13;-19;-19;-62;-13;-31;-60
72,6;-17;-13;-16;-19;-55;-15;-31;-62
72,7;-13;-14;-20;-18;-54;-13;-31;-60
72,8;-13;-20;-19;-18;-54;-13;-31;-65
72,9;-13;-14;-13;-18;-55;-15;-33;-61
73;-14;-14;-13;-19;-54;-15;-31;-62
73,1;-17;-13;-20;-20;-55;-15;-30;-62
73,2;-19;-13;-14;-18;-61;-15;-31;-62
73,3;-14;-19;-18;-20;-63;-15;-33;-61
73,4;-14;-18;-19;-17;-60;-13;-31;-62
73,5;-19;-15;-18;-18;-61;-14;-31;-69
73,6;-14;-13;-15;-18;-62;-20;-31;-67
73,7;-13;-14;-20;-19;-54;-14;-33;-74
73,8;-13;-13;-19;-19;-63;-13;-31;-62
73,9;-14;-18;-19;-20;-61;-14;-31;-62
74;-13;-14;-19;-18;-53;-13;-32;-60
74,1;-14;-20;-19;-19;-54;-20;-30;-63
74,2;-12;-26;-19;-18;-56;-14;-31;-60
74,3;-12;-14;-18;-18;-54;-14;-32;-69
74,4;-15;-20;-20;-19;-55;-14;-31;-67
74,5;-13;-13;-19;-20;-54;-15;-31;-68
74,6;-14;-20;-20;-20;-56;-20;-31;-63
74,7;-20;-14;-19;-18;-56;-14;-32;-62
74,8;-12;-14;-18;-17;-56;-20;-31;-69
74,9;-20;-20;-19;-18;-62;-14;-31;-62
75;-18;-21;-18;-17;-59;-15;-31;-68
75,1;-19;-20;-15;-19;-61;-20;-32;-67
75,2;-13;-20;-18;-18;-54;-20;-31;-63
75,3;-15;-20;-18;-18;-63;-20;-31;-62
75,4;-13;-14;-17;-18;-62;-15;-30;-62
75,5;-14;-14;-19;-18;-62;-14;-31;-68
75,6;-20;-13;-18;-18;-62;-13;-31;-68
75,7;-14;-13;-17;-18;-60;-14;-32;-68
75,8;-20;-20;-18;-20;-61;-20;-31;-62
75,9;-13;-15;-19;-19;-54;-15;-31;-67
76;-13;-15;-20;-18;-63;-15;-36;-63
76,1;-14;-20;-18;-19;-61;-13;-32;-62
76,2;-14;-19;-18;-19;-63;-15;-29;-65
76,3;-13;-18;-18;-18;-63;-13;-31;-67
76,4;-19;-18;-18;-18;-62;-13;-31;-63
76,5;-15;-19;-18;-19;-54;-21;-32;-68
76,6;-13;-15;-19;-18;-62;-20;-30;-68
76,7;-14;-18;-25;-17;-62;-20;-31;-67
76,8;-14;-15;-19;-19;-62;-15;-31;-68
76,9;-13;-18;-20;-18;-54;-18;-30;-74
77;-13;-13;-18;-18;-62;-14;-37;-67
77,1;-17;-19;-20;-18;-60;-14;-27;-67
77,2;-20;-19;-18;-18;-57;-20;-33;-69
77,3;-18;-13;-19;-24;-61;-18;-30;-67
77,4;-20;-26;-25;-18;-62;-13;-31;-68
77,5;-18;-18;-20;-24;-61;-20;-31;-74
77,6;-18;-15;-18;-17;-62;-14;-31;-68
77,7;-19;-20;-18;-19;-62;-15;-31;-66
77,8;-13;-14;-20;-19;-57;-15;-31;-62
77,9;-11;-20;-18;-19;-62;-18;-31;-68
78;-12;-18;-19;-19;-62;-20;-31;-69
78,1;-13;-15;-19;-17;-62;-19;-31;-68
78,2;-14;-19;-19;-20;-56;-15;-31;-69
78,3;-19;-13;-16;-18;-60;-15;-37;-67
78,4;-13;-18;-18;-24;-61;-20;-31;-69
78,5;-13;-14;-18;-19;-62;-20;-32;-68
78,6;-13;-14;-18;-20;-62;-21;-31;-68
78,7;-17;-18;-17;-17;-62;-14;-30;-67
78,8;-20;-13;-18;-18;-62;-13;-32;-73
78,9;-13;-19;-19;-19;-60;-20;-31;-68
79;-15;-18;-20;-18;-62;-20;-31;-74
79,1;-20;-14;-18;-18;-62;-19;-31;-68
79,2;-13;-13;-18;-18;-61;-15;-31;-75
79,3;-19;-19;-19;-20;-62;-18;-31;-69
79,4;-12;-13;-19;-17;-60;-18;-31;-70
79,5;-15;-11;-20;-19;-62;-19;-31;-74
79,6;-13;-20;-18;-20;-62;-18;-30;-74
79,7;-18;-20;-18;-18;-56;-13;-31;-70
79,8;-13;-20;-20;-25;-62;-13;-30;-69
79,9;-13;-20;-17;-25;-60;-15;-32;-73
80;-13;-18;-19;-19;-63;-18;-33;-68
80,1;-19;-15;-18;-18;-62;-20;-32;-68
80,2;-18;-20;-19;-18;-62;-20;-31;-67
80,3;-13;-13;-19;-19;-62;-20;-30;-75
80,4;-12;-21;-18;-20;-62;-13;-30;-74
80,5;-13;-19;-18;-18;-65;-19;-33;-75
80,6;-13;-20;-19;-18;-62;-20;-31;-72
80,7;-13;-20;-19;-26;-62;-15;-38;-74
80,8;-13;-13;-24;-18;-61;-19;-31;-74
80,9;-13;-20;-19;-18;-67;-20;-32;-67
81;-15;-16;-25;-19;-67;-20;-32;-74
81,1;-16;-13;-24;-18;-61;-20;-32;-74
81,2;-18;-20;-18;-18;-62;-15;-32;-74
81,3;-20;-14;-18;-18;-61;-22;-31;-74
81,4;-18;-22;-18;-19;-62;-20;-32;-73
81,5;-13;-18;-16;-17;-62;-20;-31;-73
81,6;-13;-14;-18;-19;-62;-20;-31;-68
81,7;-14;-19;-25;-19;-62;-26;-37;-69
81,8;-13;-20;-19;-20;-66;-20;-37;-73
81,9;-18;-13;-25;-19;-67;-20;-31;-73
82;-13;-15;-26;-24;-62;-20;-33;-74
82,1;-20;-20;-19;-19;-63;-20;-31;-74
82,2;-13;-15;-20;-17;-68;-20;-33;-74
82,3;-13;-20;-18;-18;-65;-20;-31;-73
82,4;-13;-19;-20;-18;-65;-20;-29;-74
82,5;-13;-19;-20;-18;-66;-22;-31;-74
82,6;-19;-20;-20;-20;-67;-19;-31;-75
82,7;-13;-20;-18;-17;-68;-20;-38;-75
82,8;-13;-19;-19;-23;-69;-20;-37;-75
82,9;-19;-18;-20;-19;-69;-27;-37;-67
83;-12;-18;-20;-18;-67;-20;-32;-74
83,1;-18;-20;-19;-18;-62;-22;-31;-74
83,2;-19;-19;-20;-17;-68;-21;-30;-76
83,3;-13;-19;-18;-18;-67;-20;-37;-74
83,4;-18;-20;-25;-25;-61;-21;-31;-73
83,5;-18;-13;-18;-20;-66;-20;-38;-75
83,6;-19;-13;-18;-23;-66;-13;-37;-74
83,7;-13;-20;-18;-24;-67;-18;-37;-74
83,8;-18;-19;-20;-20;-67;-27;-31;-74
83,9;-18;-20;-18;-18;-68;-19;-31;-73
84;-14;-19;-19;-25;-67;-20;-29;-74
84,1;-20;-19;-18;-24;-67;-22;-38;-75
84,2;-13;-20;-19;-23;-67;-24;-36;-75
84,3;-12;-15;-24;-18;-67;-20;-36;-74
84,4;-20;-15;-13;-18;-60;-26;-31;-74
84,5;-13;-20;-25;-25;-65;-20;-32;-74
84,6;-19;-18;-18;-25;-67;-20;-37;-76
84,7;-13;-13;-20;-24;-67;-20;-31;-73
84,8;-13;-14;-19;-25;-68;-24;-38;-74
84,9;-13;-13;-18;-24;-66;-20;-32;-73
85;-13;-11;-19;-20;-67;-20;-31;-74
85,1;-16;-20;-23;-31;-67;-27;-37;-75
85,2;-18;-20;-18;-18;-67;-26;-38;-74
85,3;-13;-18;-24;-26;-67;-20;-31;-76
85,4;-19;-20;-26;-18;-69;-25;-37;-74
85,5;-13;-13;-27;-25;-67;-21;-31;-74
85,6;-16;-20;-19;-26;-68;-20;-44;-73
85,7;-13;-12;-19;-20;-67;-26;-33;-76
85,8;-18;-16;-24;-20;-68;-27;-33;-76
85,9;-13;-16;-20;-24;-67;-26;-32;-74
86;-13;-13;-20;-18;-68;-24;-33;-74
86,1;-12;-20;-18;-25;-69;-26;-31;-74
86,2;-13;-13;-25;-19;-65;-20;-29;-74
86,3;-18;-14;-19;-24;-67;-20;-31;-72
86,4;-14;-19;-19;-24;-69;-20;-36;-74
86,5;-20;-20;-25;-24;-67;-26;-32;-74
86,6;-14;-14;-25;-24;-66;-27;-37;-73
86,7;-13;-19;-26;-19;-67;-25;-37;-73
86,8;-18;-13;-20;-25;-67;-20;-38;-75
86,9;-13;-15;-19;-24;-67;-20;-37;-74
87;-14;-20;-25;-19;-68;-27;-31;-74
87,1;-20;-15;-24;-20;-69;-27;-37;-74
87,2;-14;-20;-24;-18;-60;-29;-31;-74
87,3;-18;-20;-19;-22;-65;-20;-32;-74
87,4;-19;-17;-18;-20;-68;-26;-37;-76
87,5;-18;-13;-17;-18;-67;-26;-39;-74
87,6;-20;-13;-19;-24;-67;-20;-31;-75
87,7;-14;-20;-25;-19;-69;-26;-36;-80
87,8;-19;-14;-24;-19;-67;-20;-31;-76
87,9;-13;-13;-25;-24;-67;-27;-32;-74
88;-19;-14;-18;-25;-67;-26;-40;-74
88,1;-14;-20;-22;-24;-67;-26;-31;-75
88,2;-20;-19;-26;-26;-68;-26;-37;-76
88,3;-15;-14;-25;-26;-68;-20;-32;-74
88,4;-19;-18;-24;-25;-68;-27;-31;-76
88,5;-13;-15;-18;-19;-69;-27;-32;-75
88,6;-13;-20;-20;-18;-67;-27;-38;-74
88,7;-17;-13;-18;-25;-69;-26;-31;-73
88,8;-14;-18;-25;-24;-67;-26;-38;-75
88,9;-20;-13;-20;-24;-67;-26;-38;-74
89;-20;-19;-26;-25;-69;-26;-37;-82
89,1;-18;-20;-20;-24;-65;-25;-37;-74
89,2;-18;-14;-26;-25;-67;-27;-37;-76
89,3;-19;-19;-18;-24;-74;-19;-38;-82
89,4;-13;-13;-24;-25;-68;-26;-33;-75
89,5;-17;-17;-24;-25;-67;-18;-36;-74
89,6;-13;-13;-22;-26;-68;-26;-38;-81
89,7;-15;-19;-21;-23;-68;-27;-38;-74
89,8;-18;-12;-19;-24;-67;-27;-37;-85
89,9;-19;-21;-24;-24;-68;-26;-37;-74
90;-18;-18;-26;-23;-69;-26;-38;-74
90,1;-13;-19;-20;-31;-68;-24;-30;-81
90,2;-20;-20;-20;-25;-68;-19;-44;-74
90,3;-19;-20;-20;-25;-73;-27;-31;-81
90,4;-13;-15;-25;-26;-69;-26;-38;-82
90,5;-18;-20;-25;-26;-68;-26;-38;-75
90,6;-15;-20;-24;-25;-70;-26;-37;-82
90,7;-14;-15;-26;-25;-69;-24;-38;-75
90,8;-19;-13;-24;-24;-69;-27;-38;-81
90,9;-19;-14;-22;-19;-67;-27;-38;-81
91;-18;-21;-26;-24;-68;-27;-37;-81
91,1;-14;-15;-19;-25;-67;-26;-38;-80
91,2;-19;-20;-19;-24;-67;-26;-38;-82
91,3;-20;-19;-18;-26;-67;-26;-38;-80
91,4;-19;-20;-22;-24;-74;-26;-37;-82
91,5;-14;-20;-18;-26;-68;-26;-39;-80
91,6;-18;-14;-26;-24;-68;-26;-38;-82
91,7;-18;-20;-24;-24;-69;-27;-37;-80
91,8;-20;-22;-26;-23;-67;-28;-37;-81
91,9;-26;-19;-13;-24;-67;-27;-37;-80
92;-20;-19;-25;-26;-68;-27;-38;-81
92,1;-15;-19;-24;-26;-67;-18;-38;-82
92,2;-20;-20;-19;-26;-68;-27;-37;-81
92,3;-22;-18;-26;-19;-68;-26;-38;-75
92,4;-20;-19;-20;-25;-69;-26;-46;-80
92,5;-20;-18;-25;-26;-67;-27;-38;-80
92,6;-13;-20;-19;-24;-69;-24;-37;-80
92,7;-13;-13;-26;-24;-69;-27;-38;-80
92,8;-20;-12;-25;-24;-67;-26;-44;-80
92,9;-19;-19;-19;-24;-74;-27;-38;-80
93;-19;-12;-24;-25;-68;-26;-38;-80
93,1;-13;-18;-19;-24;-68;-26;-38;-86
93,2;-20;-20;-20;-26;-68;-26;-38;-81
93,3;-20;-20;-19;-25;-68;-28;-37;-81
93,4;-20;-19;-26;-30;-69;-26;-44;-79
93,5;-20;-19;-18;-25;-69;-31;-38;-82
93,6;-13;-20;-26;-31;-65;-26;-45;-80
93,7;-18;-20;-18;-23;-67;-26;-38;-82
93,8;-19;-14;-26;-25;-68;-26;-37;-80
93,9;-18;-13;-26;-22;-69;-26;-44;-87
94;-20;-14;-25;-26;-67;-25;-36;-80
94,1;-20;-18;-18;-25;-68;-25;-38;-82
94,2;-18;-19;-25;-24;-73;-26;-38;-81
94,3;-20;-18;-18;-24;-67;-26;-37;-89
94,4;-18;-19;-25;-26;-67;-27;-39;-82
94,5;-19;-18;-21;-19;-67;-27;-37;-80
94,6;-20;-20;-19;-25;-69;-27;-38;-80
94,7;-19;-20;-25;-24;-67;-27;-37;-85
94,8;-12;-15;-19;-25;-67;-26;-38;-86
94,9;-16;-20;-25;-25;-67;-26;-39;-80
95;-14;-13;-26;-25;-67;-26;-38;-81
95,1;-18;-19;-24;-23;-67;-26;-38;-80
95,2;-21;-20;-26;-26;-68;-26;-37;-81
95,3;-20;-18;-24;-31;-74;-26;-38;-82
95,4;-18;-19;-24;-26;-73;-26;-38;-89
95,5;-19;-21;-26;-24;-68;-26;-38;-82
95,6;-13;-19;-26;-24;-69;-26;-37;-89
95,7;-19;-19;-18;-24;-67;-27;-37;-82
95,8;-18;-20;-24;-32;-74;-27;-37;-75
95,9;-15;-18;-20;-31;-73;-26;-38;-82
96;-20;-19;-25;-24;-73;-26;-40;-82
96,1;-14;-21;-26;-27;-67;-26;-37;-86
96,2;-18;-19;-24;-26;-69;-26;-38;-88
96,3;-20;-20;-25;-29;-67;-27;-37;-81
96,4;-14;-14;-24;-24;-67;-27;-39;-80
96,5;-17;-13;-26;-30;-73;-25;-38;-87
96,6;-19;-13;-18;-31;-69;-26;-42;-86
96,7;-18;-19;-24;-26;-68;-26;-45;-80
96,8;-15;-19;-24;-31;-73;-26;-38;-80
96,9;-14;-13;-26;-24;-74;-27;-44;-87
97;-20;-20;-26;-26;-77;-27;-39;-88
97,1;-25;-19;-26;-32;-74;-25;-43;-87
97,2;-18;-15;-24;-25;-67;-27;-38;-80
97,3;-19;-20;-25;-31;-73;-26;-43;-87
97,4;-20;-20;-25;-30;-69;-28;-37;-89
97,5;-18;-19;-23;-32;-74;-27;-38;-88
97,6;-18;-14;-24;-25;-67;-26;-38;-89
97,7;-18;-20;-26;-30;-74;-26;-44;-86
97,8;-18;-15;-25;-31;-73;-26;-38;-88
97,9;-19;-20;-24;-37;-74;-26;-37;-80
98;-18;-18;-18;-31;-74;-26;-46;-81
98,1;-19;-20;-19;-31;-74;-24;-44;-81
98,2;-14;-19;-26;-29;-74;-27;-41;-82
98,3;-18;-18;-19;-31;-71;-25;-42;-89
98,4;-17;-19;-24;-24;-74;-28;-44;-83
98,5;-20;-20;-24;-31;-73;-26;-45;-87
98,6;-18;-20;-26;-31;-73;-26;-39;-87
98,7;-18;-20;-20;-30;-73;-27;-38;-86
98,8;-18;-18;-24;-29;-74;-26;-38;-80
98,9;-20;-20;-26;-30;-74;-26;-38;-85
99;-19;-19;-24;-29;-74;-26;-44;-80
99,1;-20;-22;-19;-31;-73;-26;-44;-87
99,2;-18;-19;-24;-26;-74;-26;-46;-87
99,3;-18;-20;-26;-31;-74;-33;-45;-81
99,4;-18;-18;-19;-26;-74;-27;-44;-86
99,5;-18;-20;-24;-31;-73;-26;-46;-87
99,6;-13;-21;-20;-24;-73;-24;-44;-87
99,7;-18;-19;-25;-29;-73;-27;-44;-87
99,8;-20;-19;-26;-24;-74;-26;-44;-87
99,9;-20;-13;-25;-26;-73;-26;-37;-87
100;-19;-14;-25;-24;-74;-27;-39;-87
100,1;-20;-18;-26;-24;-73;-26;-45;-87
100,2;-19;-19;-24;-25;-74;-26;-39;-87
100,3;-19;-12;-24;-26;-74;-27;-38;-87
100,4;-18;-19;-26;-25;-72;-27;-43;-87
100,5;-19;-18;-24;-22;-73;-27;-44;-87
100,6;-18;-18;-23;-23;-74;-25;-44;-89
100,7;-13;-20;-25;-37;-74;-26;-38;-87
100,8;-13;-13;-20;-24;-79;-26;-43;-87
100,9;-19;-20;-18;-24;-73;-26;-45;-88
101;-19;-20;-24;-26;-74;-27;-44;-85
101,1;-13;-19;-18;-24;-74;-27;-45;-88
101,2;-15;-19;-25;-24;-81;-26;-42;-87
101,3;-18;-18;-26;-26;-79;-26;-44;-87
101,4;-20;-20;-19;-24;-75;-27;-45;-89
101,5;-18;-15;-25;-24;-75;-28;-42;-87
101,6;-19;-18;-26;-24;-72;-27;-45;-88
101,7;-13;-18;-25;-26;-73;-26;-44;-88
101,8;-19;-26;-26;-25;-73;-26;-41;-88
101,9;-20;-13;-24;-26;-73;-26;-44;-87
102;-13;-18;-25;-18;-74;-26;-44;-88
102,1;-20;-19;-26;-25;-73;-26;-44;-88
102,2;-20;-15;-26;-26;-75;-26;-44;-87
102,3;-19;-18;-25;-26;-80;-26;-40;-87
102,4;-19;-13;-26;-26;-80;-26;-44;-87
102,5;-19;-18;-25;-26;-73;-26;-44;-87
102,6;-18;-20;-25;-26;-74;-25;-45;-88
102,7;-19;-15;-24;-24;-79;-26;-38;-87
102,8;-18;-19;-23;-25;-80;-27;-44;-87
102,9;-20;-18;-25;-25;-73;-25;-44;-86
103;-18;-20;-26;-26;-74;-24;-44;-86
103,1;-19;-13;-26;-26;-74;-27;-44;-87
103,2;-17;-19;-26;-25;-74;-26;-44;-87
103,3;-19;-20;-26;-25;-80;-26;-43;-88
103,4;-18;-13;-25;-26;-80;-28;-45;-87
103,5;-19;-20;-26;-25;-73;-28;-44;-87
103,6;-20;-20;-25;-26;-74;-26;-44;-87
103,7;-20;-20;-25;-25;-74;-27;-46;-87
103,8;-18;-20;-18;-25;-76;-27;-43;-87
103,9;-17;-19;-26;-26;-74;-26;-46;-86
104;-18;-17;-26;-26;-75;-24;-46;-87
104,1;-20;-13;-25;-32;-73;-28;-44;-87
104,2;-19;-18;-24;-31;-76;-26;-44;-87
104,3;-18;-13;-23;-31;-73;-26;-44;-87
104,4;-24;-14;-26;-31;-80;-26;-38;-85
104,5;-18;-19;-25;-30;-74;-27;-45;-87
104,6;-20;-20;-24;-31;-74;-26;-44;-87
104,7;-15;-20;-20;-31;-81;-26;-37;-87
104,8;-19;-13;-25;-31;-75;-26;-46;-86
104,9;-19;-21;-26;-25;-80;-26;-43;-87
105;-26;-21;-23;-31;-74;-26;-45;-87
105,1;-18;-20;-25;-30;-74;-26;-44;-87
105,2;-19;-25;-26;-30;-73;-26;-45;-87
105,3;-19;-20;-25;-31;-80;-26;-45;-85
105,4;-18;-20;-25;-31;-80;-27;-45;-87
105,5;-19;-19;-26;-31;-79;-26;-44;-88
105,6;-20;-20;-25;-30;-80;-26;-43;-87
105,7;-19;-20;-25;-31;-77;-26;-38;-88
105,8;-24;-19;-24;-26;-80;-27;-44;-88
105,9;-20;-18;-20;-26;-79;-25;-44;-86
106;-13;-19;-24;-25;-80;-32;-43;-87
106,1;-18;-19;-26;-31;-80;-28;-45;-86
106,2;-20;-20;-27;-33;-78;-26;-44;-87
106,3;-19;-19;-17;-29;-80;-32;-44;-87
106,4;-19;-20;-26;-29;-80;-27;-44;-87
106,5;-19;-19;-24;-27;-81;-26;-44;-87
106,6;-18;-19;-20;-26;-81;-33;-45;-85
106,7;-18;-20;-18;-31;-80;-25;-46;-87
106,8;-24;-18;-26;-29;-80;-32;-44;-85
106,9;-13;-20;-24;-25;-80;-27;-44;-87
107;-20;-19;-26;-31;-81;-26;-44;-88
107,1;-19;-19;-26;-31;-80;-26;-44;-87
107,2;-24;-19;-26;-31;-82;-27;-44;-88
107,3;-18;-13;-26;-26;-79;-26;-44;-87
107,4;-24;-21;-24;-30;-80;-27;-43;-87
107,5;-19;-20;-19;-30;-73;-26;-44;-87
107,6;-25;-20;-25;-29;-78;-27;-44;-87
107,7;-20;-18;-26;-31;-74;-26;-44;-86
107,8;-18;-20;-26;-31;-75;-26;-42;-88
107,9;-20;-19;-27;-31;-80;-26;-42;-92
108;-20;-20;-26;-31;-80;-26;-44;-86
108,1;-19;-20;-25;-26;-78;-26;-44;-87
108,2;-23;-13;-26;-25;-80;-27;-44;-90
108,3;-20;-19;-26;-24;-73;-27;-44;-87
108,4;-19;-20;-26;-31;-80;-33;-44;-88
108,5;-19;-21;-26;-31;-80;-27;-44;-93
108,6;-25;-19;-25;-31;-79;-26;-43;-87
108,7;-20;-13;-24;-31;-80;-38;-45;-88
108,8;-18;-19;-26;-24;-79;-27;-44;-87
108,9;-20;-20;-24;-30;-80;-26;-44;-93
109;-18;-19;-25;-37;-80;-26;-44;-88
109,1;-18;-20;-25;-31;-82;-33;-44;-87
109,2;-20;-14;-26;-32;-80;-27;-44;-88
109,3;-18;-20;-18;-24;-80;-33;-44;-87
109,4;-18;-18;-25;-31;-80;-33;-44;-87
109,5;-18;-20;-26;-31;-80;-33;-45;-94
109,6;-18;-20;-24;-31;-81;-26;-45;-88
109,7;-20;-13;-25;-31;-80;-26;-44;-88
109,8;-20;-20;-24;-24;-82;-26;-44;-88
109,9;-19;-18;-26;-31;-81;-32;-43;-94
110;-20;-18;-25;-29;-80;-33;-44;-86
110,1;-18;-20;-26;-31;-80;-26;-45;-87
110,2;-17;-20;-25;-31;-80;-27;-44;-88
110,3;-21;-20;-26;-31;-80;-33;-43;-93
110,4;-19;-20;-24;-32;-81;-28;-44;-87
110,5;-19;-20;-25;-31;-79;-27;-44;-89
110,6;-20;-18;-25;-32;-80;-27;-45;-93
110,7;-18;-15;-26;-31;-80;-27;-44;-87
110,8;-18;-14;-24;-30;-78;-27;-44;-85
110,9;-19;-19;-25;-32;-79;-32;-45;-88
111;-20;-19;-18;-32;-79;-27;-43;-91
111,1;-19;-20;-25;-26;-80;-30;-44;-94
111,2;-20;-20;-24;-29;-80;-27;-44;-93
111,3;-18;-20;-26;-26;-79;-31;-44;-87
111,4;-19;-20;-26;-31;-81;-27;-44;-87
111,5;-20;-18;-24;-28;-80;-27;-45;-94
111,6;-20;-26;-24;-32;-80;-28;-44;-93
111,7;-20;-20;-26;-31;-79;-26;-44;-93
111,8;-18;-20;-26;-31;-80;-27;-45;-93
111,9;-20;-19;-25;-31;-80;-28;-44;-87
112;-26;-19;-26;-29;-81;-26;-44;-87
112,1;-18;-18;-26;-33;-80;-26;-44;-92
112,2;-20;-20;-24;-31;-79;-31;-45;-93
112,3;-20;-19;-18;-32;-80;-26;-44;-93
112,4;-18;-18;-25;-31;-80;-26;-43;-87
112,5;-19;-13;-24;-30;-80;-32;-44;-94
112,6;-19;-19;-25;-30;-79;-32;-50;-94
112,7;-19;-13;-26;-29;-78;-26;-44;-94
112,8;-18;-19;-25;-31;-79;-27;-44;-93
112,9;-13;-18;-24;-26;-82;-27;-45;-87
113;-20;-18;-25;-31;-78;-33;-44;-93
113,1;-18;-13;-25;-26;-86;-33;-44;-94
113,2;-18;-14;-26;-31;-79;-34;-44;-94
113,3;-20;-20;-26;-24;-81;-33;-44;-93
113,4;-20;-20;-25;-25;-80;-33;-44;-93
113,5;-13;-13;-25;-31;-81;-33;-45;-99
113,6;-19;-20;-24;-25;-80;-27;-44;-93
113,7;-13;-20;-25;-30;-80;-33;-45;-93
113,8;-20;-20;-26;-30;-80;-31;-45;-98
113,9;-20;-19;-24;-30;-78;-33;-44;-93
114;-19;-19;-25;-26;-78;-32;-51;-94
114,1;-18;-14;-24;-31;-80;-27;-44;-93
114,2;-18;-18;-26;-31;-80;-34;-44;-93
114,3;-18;-19;-25;-38;-80;-33;-43;-94
114,4;-24;-18;-26;-30;-80;-33;-44;-93
114,5;-19;-20;-26;-31;-79;-27;-44;-94
114,6;-19;-19;-19;-30;-80;-33;-46;-93
114,7;-18;-19;-24;-32;-80;-26;-43;-93
114,8;-18;-18;-26;-26;-80;-32;-44;-94
114,9;-18;-20;-26;-25;-81;-32;-44;-94
115;-18;-18;-26;-33;-81;-33;-44;-93
115,1;-20;-20;-24;-32;-80;-33;-44;-93
115,2;-18;-18;-26;-30;-80;-28;-44;-93
115,3;-19;-19;-24;-30;-79;-28;-43;-93
115,4;-20;-19;-26;-31;-81;-31;-43;-91
115,5;-20;-18;-24;-31;-80;-32;-50;-95
115,6;-19;-26;-26;-31;-80;-33;-44;-94
115,7;-12;-18;-26;-30;-79;-27;-44;-94
115,8;-12;-12;-25;-30;-79;-32;-44;-93
115,9;-20;-20;-26;-33;-80;-32;-44;-94
116;-20;-20;-25;-31;-80;-33;-45;-92
116,1;-19;-20;-19;-32;-80;-33;-45;-94
116,2;-19;-13;-24;-31;-80;-27;-44;-98
116,3;-25;-21;-24;-31;-80;-33;-44;-93
116,4;-14;-18;-25;-33;-79;-37;-45;-98
116,5;-21;-20;-24;-30;-80;-32;-44;-92
116,6;-26;-20;-24;-30;-81;-34;-45;-94
116,7;-20;-19;-25;-29;-80;-32;-44;-97
116,8;-20;-13;-26;-30;-80;-34;-44;-93
116,9;-18;-19;-24;-24;-80;-33;-44;-98
117;-20;-20;-24;-26;-78;-33;-44;-100
117,1;-15;-19;-25;-30;-79;-33;-44;-100
117,2;-20;-20;-24;-32;-79;-27;-43;-94
117,3;-19;-20;-24;-30;-80;-33;-44;-94
117,4;-18;-25;-24;-30;-80;-32;-44;-93
117,5;-18;-17;-26;-25;-80;-31;-43;-92
117,6;-18;-21;-20;-30;-79;-31;-43;-100
117,7;-19;-20;-25;-29;-80;-38;-45;-99
117,8;-26;-20;-26;-31;-80;-31;-44;-94
117,9;-20;-20;-26;-31;-78;-31;-44;-92
118;-25;-18;-25;-24;-79;-33;-44;-93
118,1;-20;-19;-17;-29;-81;-38;-43;-93
118,2;-18;-19;-26;-31;-80;-33;-43;-99
118,3;-20;-20;-25;-31;-79;-38;-44;-94
118,4;-20;-20;-19;-31;-85;-26;-46;-93
118,5;-24;-19;-24;-29;-80;-32;-44;-100
118,6;-18;-15;-25;-31;-80;-33;-43;-101
118,7;-18;-19;-25;-28;-80;-26;-44;-99
118,8;-20;-20;-25;-31;-79;-32;-42;-100
118,9;-19;-20;-25;-31;-80;-32;-45;-101
119;-20;-18;-26;-31;-81;-32;-44;-100
119,1;-19;-19;-26;-31;-80;-33;-43;-95
119,2;-20;-26;-27;-31;-80;-33;-44;-98
119,3;-18;-12;-24;-31;-85;-33;-44;-94
119,4;-19;-19;-26;-26;-80;-32;-43;-100
119,5;-20;-19;-26;-31;-80;-33;-50;-98
119,6;-19;-20;-26;-32;-80;-26;-44;-100
119,7;-19;-19;-23;-37;-85;-31;-43;-93
119,8;-19;-19;-26;-30;-79;-33;-45;-100
119,9;-18;-20;-26;-31;-81;-33;-44;-100
120;-18;-19;-26;-30;-80;-32;-44;-99
120,1;-19;-19;-24;-31;-79;-34;-45;-93
120,2;-20;-20;-26;-30;-81;-33;-44;-99
120,3;-22;-17;-25;-30;-86;-35;-45;-99
120,4;-20;-19;-24;-31;-83;-35;-44;-100
120,5;-19;-20;-25;-31;-86;-32;-44;-93
120,6;-24;-19;-25;-37;-81;-32;-44;-100
120,7;-21;-20;-23;-29;-80;-34;-51;-98
120,8;-21;-20;-27;-31;-80;-40;-44;-99
120,9;-20;-20;-26;-31;-85;-32;-43;-106
121;-19;-19;-26;-32;-79;-33;-44;-97
121,1;-18;-19;-26;-30;-78;-32;-51;-97
121,2;-20;-13;-25;-31;-86;-39;-44;-100
121,3;-19;-26;-25;-31;-85;-33;-45;-99
121,4;-21;-19;-26;-31;-80;-33;-44;-95
121,5;-20;-18;-25;-31;-80;-32;-44;-100
121,6;-14;-26;-27;-30;-85;-38;-47;-98
121,7;-19;-18;-26;-31;-80;-32;-43;-100
121,8;-20;-20;-26;-37;-85;-33;-44;-100
121,9;-20;-19;-24;-30;-80;-33;-44;-100
122;-18;-20;-26;-32;-85;-32;-44;-97
122,1;-19;-19;-26;-31;-84;-32;-47;-100
122,2;-20;-17;-25;-30;-85;-32;-44;-99
122,3;-20;-18;-26;-30;-81;-32;-51;-100
122,4;-18;-13;-25;-31;-85;-33;-44;-100
122,5;-19;-20;-26;-31;-85;-33;-44;-100
122,6;-18;-14;-25;-32;-86;-31;-45;-99
122,7;-26;-20;-25;-37;-86;-33;-43;-99
122,8;-21;-19;-24;-31;-87;-32;-46;-107
122,9;-20;-20;-26;-33;-82;-33;-44;-99
123;-19;-20;-24;-31;-86;-33;-44;-106
123,1;-19;-21;-26;-31;-86;-33;-44;-98
123,2;-20;-20;-26;-30;-85;-31;-45;-100
123,3;-20;-20;-24;-37;-80;-34;-45;-100
123,4;-26;-20;-26;-30;-86;-33;-44;-99
123,5;-24;-20;-24;-31;-86;-35;-45;-100
123,6;-19;-19;-26;-32;-85;-33;-44;-98
123,7;-19;-20;-24;-29;-85;-33;-46;-100
123,8;-26;-20;-24;-30;-86;-33;-43;-98
123,9;-17;-12;-25;-37;-91;-33;-44;-107
124;-20;-20;-24;-30;-85;-33;-44;-98
124,1;-20;-19;-26;-31;-87;-32;-44;-100
124,2;-19;-18;-26;-31;-85;-33;-46;-99
124,3;-18;-20;-25;-30;-85;-33;-44;-101
124,4;-20;-20;-25;-31;-85;-33;-44;-98
124,5;-14;-19;-25;-33;-80;-33;-43;-100
124,6;-19;-18;-24;-30;-87;-33;-45;-100
124,7;-19;-20;-24;-31;-84;-33;-44;-99
124,8;-20;-20;-25;-30;-86;-40;-45;-104
124,9;-20;-26;-24;-30;-86;-33;-44;-100
125;-20;-18;-31;-30;-86;-33;-43;-98
125,1;-19;-19;-25;-31;-85;-38;-48;-99
125,2;-19;-19;-24;-29;-86;-33;-42;-99
125,3;-20;-18;-25;-31;-80;-32;-45;-107
125,4;-19;-20;-24;-38;-80;-32;-43;-100
125,5;-17;-20;-26;-30;-87;-33;-45;-100
125,6;-19;-19;-25;-32;-84;-33;-44;-99
125,7;-19;-20;-26;-31;-87;-33;-43;-98
125,8;-19;-20;-26;-38;-86;-33;-44;-94
125,9;-18;-19;-24;-37;-85;-33;-50;-98
126;-18;-18;-26;-37;-87;-33;-44;-99
126,1;-19;-26;-26;-31;-83;-38;-44;-104
126,2;-20;-19;-25;-37;-85;-32;-51;-105
126,3;-20;-19;-26;-31;-85;-38;-45;-100
126,4;-18;-20;-26;-31;-83;-32;-44;-100
126,5;-23;-19;-24;-32;-85;-33;-49;-100
126,6;-25;-21;-24;-31;-87;-32;-49;-105
126,7;-18;-20;-24;-32;-86;-34;-45;-105
126,8;-22;-19;-24;-31;-86;-32;-44;-105
126,9;-18;-27;-25;-38;-85;-38;-44;-104
127;-20;-19;-25;-37;-87;-38;-44;-105
127,1;-26;-19;-24;-31;-85;-32;-44;-106
127,2;-18;-19;-25;-30;-85;-39;-48;-106
127,3;-18;-20;-26;-35;-86;-40;-44;-106
127,4;-18;-26;-26;-31;-91;-33;-57;-105
127,5;-19;-19;-25;-32;-84;-39;-45;-100
127,6;-21;-19;-26;-38;-87;-39;-43;-105
127,7;-18;-20;-25;-37;-92;-33;-45;-105
127,8;-20;-21;-25;-37;-86;-36;-44;-106
127,9;-20;-18;-26;-31;-92;-32;-44;-107
128;-20;-13;-26;-36;-84;-33;-45;-106
128,1;-23;-19;-25;-31;-85;-38;-46;-105
128,2;-18;-20;-25;-38;-90;-33;-50;-105
128,3;-19;-21;-26;-31;-92;-32;-43;-99
128,4;-25;-18;-24;-30;-89;-38;-44;-105
128,5;-26;-20;-25;-37;-86;-45;-44;-100
128,6;-25;-20;-25;-37;-87;-38;-47;-106
128,7;-18;-20;-26;-38;-86;-39;-57;-107
128,8;-19;-25;-26;-35;-85;-34;-49;-107
128,9;-18;-20;-24;-37;-85;-46;-44;-107
129;-19;-19;-25;-39;-92;-40;-44;-107
129,1;-20;-27;-25;-37;-85;-46;-44;-106
129,2;-24;-19;-26;-36;-92;-38;-57;-106
129,3;-19;-25;-25;-31;-86;-38;-46;-105
129,4;-18;-18;-25;-31;-89;-34;-46;-105
129,5;-28;-24;-25;-30;-87;-38;-50;-105
129,6;-18;-20;-26;-30;-87;-38;-44;-107
129,7;-19;-18;-26;-31;-85;-39;-49;-105
129,8;-19;-18;-26;-39;-91;-40;-51;-105
129,9;-26;-20;-26;-31;-94;-33;-51;-100
130;-20;-18;-26;-32;-92;-33;-49;-106
130,1;-13;-19;-27;-31;-93;-33;-46;-105
130,2;-22;-19;-25;-31;-92;-38;-51;-99
130,3;-19;-18;-26;-31;-85;-38;-51;-106
130,4;-26;-26;-26;-31;-87;-37;-49;-100
130,5;-18;-13;-26;-32;-85;-38;-44;-104
130,6;-13;-26;-25;-31;-92;-38;-50;-105
130,7;-23;-20;-26;-38;-85;-32;-51;-105
130,8;-20;-26;-25;-38;-85;-38;-50;-106
130,9;-20;-19;-27;-31;-85;-40;-49;-106
131;-20;-18;-26;-38;-84;-33;-51;-106
131,1;-21;-13;-25;-30;-92;-33;-50;-105
131,2;-20;-24;-25;-31;-93;-40;-49;-106
131,3;-18;-18;-26;-33;-85;-33;-57;-105
131,4;-20;-20;-26;-31;-85;-38;-50;-107
131,5;-20;-25;-26;-31;-84;-38;-49;-107
131,6;-18;-21;-25;-38;-84;-36;-44;-106
131,7;-19;-20;-26;-33;-85;-38;-49;-105
131,8;-24;-24;-24;-31;-85;-38;-56;-106
131,9;-18;-26;-25;-37;-84;-38;-51;-106
132;-13;-18;-25;-31;-84;-38;-51;-107
132,1;-19;-20;-25;-37;-85;-39;-49;-105
132,2;-20;-20;-25;-30;-91;-39;-51;-106
132,3;-24;-26;-25;-27;-92;-32;-49;-107
132,4;-19;-18;-26;-38;-91;-33;-49;-105
132,5;-19;-24;-26;-32;-93;-39;-44;-107
132,6;-19;-26;-24;-37;-86;-39;-49;-107
132,7;-26;-18;-26;-31;-85;-32;-45;-106
132,8;-20;-25;-24;-38;-91;-37;-51;-105
132,9;-18;-19;-27;-37;-87;-33;-49;-105
133;-19;-19;-24;-38;-92;-33;-50;-106
133,1;-19;-20;-24;-38;-93;-33;-49;-105
133,2;-19;-26;-27;-37;-93;-38;-50;-106
133,3;-19;-20;-25;-37;-93;-37;-44;-106
133,4;-18;-19;-26;-35;-85;-32;-51;-107
133,5;-24;-26;-26;-37;-87;-32;-50;-105
133,6;-18;-18;-24;-36;-85;-39;-58;-105
133,7;-19;-20;-25;-38;-91;-40;-51;-105
133,8;-18;-24;-26;-31;-92;-33;-51;-106
133,9;-19;-26;-24;-37;-91;-33;-51;-105
134;-26;-19;-27;-37;-91;-38;-45;-105
134,1;-18;-26;-26;-36;-91;-32;-50;-107
134,2;-18;-26;-25;-38;-93;-39;-51;-105
134,3;-18;-19;-24;-38;-91;-39;-50;-105
134,4;-20;-18;-26;-38;-92;-39;-51;-106
134,5;-18;-19;-24;-37;-93;-39;-51;-106
134,6;-18;-26;-25;-36;-92;-38;-49;-107
134,7;-19;-20;-26;-37;-93;-33;-50;-107
134,8;-18;-26;-26;-38;-92;-38;-43;-105
134,9;-18;-19;-26;-31;-91;-38;-50;-105
135;-19;-25;-26;-35;-91;-38;-49;-106
135,1;-19;-22;-26;-37;-91;-33;-43;-105
135,2;-19;-25;-25;-36;-91;-40;-50;-107
135,3;-17;-25;-25;-31;-92;-37;-55;-105
135,4;-19;-19;-24;-33;-91;-38;-49;-106
135,5;-19;-20;-25;-38;-92;-38;-49;-106
135,6;-24;-24;-26;-37;-90;-39;-49;-105