Tijd (s);Test 1;Test 2;Test 3;0 Meting;drukverlies_1_prusa_schuin;SLA Prusa;SLA Formlabs;Ultimaker 0.1 mm
0;0;0;0;0;0;0;0;0
0,1;-1;0;7;2;0;6;1;0
0,2;1;-1;3;0;0;6;1;2
0,3;-1;-2;1;2;0;7;0;2
0,4;-1;6;2;0;-1;0;6;2
0,5;1;0;0;0;0;6;1;1
0,6;-1;0;1;0;6;7;6;2
0,7;-1;-2;9;0;1;7;0;-6
0,8;-1;-1;1;0;-4;2;0;0
0,9;-2;-2;1;0;-1;6;5;0
1;1;0;0;1;-1;6;0;0
1,1;-1;0;1;1;0;7;0;1
1,2;0;-1;7;0;0;1;1;0
1,3;6;0;0;0;0;6;1;0
1,4;0;0;1;-7;-1;7;5;1
1,5;-1;-1;0;7;-1;7;6;2
1,6;-1;2;7;1;0;6;7;1
1,7;-2;0;7;0;-1;6;12;1
1,8;0;0;0;5;-1;6;6;1
1,9;-1;-1;0;-1;0;0;5;-5
2;-1;0;9;-7;0;0;2;1
2,1;-2;0;1;2;-1;7;0;2
2,2;-1;-2;1;0;0;6;6;2
2,3;-1;-1;0;0;-2;6;-2;2
2,4;-1;-1;0;1;-2;6;0;-5
2,5;-1;6;7;0;-1;7;7;3
2,6;-1;-2;8;0;0;6;7;-1
2,7;-1;-1;1;-1;-1;6;5;-2
2,8;-1;-1;0;-2;1;7;7;0
2,9;-1;1;2;0;0;7;6;-4
3;-2;0;1;7;5;5;5;0
3,1;-3;-1;8;5;-6;4;2;2
3,2;-2;-1;1;1;-2;6;7;-5
3,3;-1;0;0;5;0;6;6;-6
3,4;0;0;0;0;5;6;0;-7
3,5;-1;-1;1;2;-1;7;0;-5
3,6;-1;-1;1;-1;0;6;1;-4
3,7;0;-1;8;0;0;7;7;-6
3,8;-1;0;3;1;-2;6;6;-6
3,9;-1;0;1;0;7;6;6;-7
4;-2;-2;1;-1;-1;6;5;-5
4,1;1;0;0;2;1;-1;5;-4
4,2;-2;-1;0;-1;1;-1;0;-6
4,3;-1;-1;7;0;-2;5;6;-13
4,4;-3;-2;7;0;0;7;6;-7
4,5;-1;-2;0;0;0;6;6;-6
4,6;-1;-1;1;-2;0;6;7;-5
4,7;-2;-2;0;0;0;6;1;-12
4,8;0;-2;1;-4;-2;6;5;-5
4,9;1;-1;0;0;-1;-1;5;-6
5;-1;0;9;0;0;5;5;-6
5,1;1;0;2;0;1;6;4;-6
5,2;-1;0;1;0;0;6;6;-13
5,3;-1;-6;5;1;1;7;7;-5
5,4;-1;0;0;2;0;6;7;-6
5,5;-1;-2;0;0;0;5;7;-4
5,6;-1;-2;1;-1;4;6;0;-13
5,7;0;0;2;0;6;7;0;-6
5,8;-1;-2;1;0;0;5;0;-6
5,9;1;0;0;0;-1;7;0;-13
6;-1;-2;2;-7;-1;6;-1;-7
6,1;0;0;0;-6;0;6;1;-12
6,2;-1;0;0;-5;-1;6;0;-6
6,3;-2;-1;1;-6;-7;6;0;-5
6,4;0;0;2;-6;-8;5;0;-13
6,5;-1;0;1;-6;0;6;0;-11
6,6;0;0;1;-6;0;6;0;-13
6,7;-1;-2;0;-5;0;6;1;-11
6,8;-1;-7;1;-5;0;5;1;-11
6,9;-1;0;1;-6;-1;5;-2;-12
7;-1;0;1;-7;-2;7;0;-11
7,1;-1;1;2;-4;0;5;0;-11
7,2;0;-2;0;-6;-6;6;0;-12
7,3;1;-2;1;-5;-6;0;-1;-13
7,4;-1;-2;1;-6;0;5;0;-12
7,5;-3;0;0;-6;0;-1;0;-12
7,6;-3;-1;1;-6;1;-1;1;-13
7,7;-1;-7;1;-6;-2;5;6;-13
7,8;0;-2;0;-6;-7;6;0;-18
7,9;-7;-1;0;-6;-7;7;0;-13
8;-5;-2;0;-6;-1;6;0;-13
8,1;-6;0;1;-6;-7;6;0;-13
8,2;1;-2;1;-7;-8;6;6;-13
8,3;-12;0;0;-6;1;-1;1;-12
8,4;-1;-2;0;-6;-7;0;6;-12
8,5;-4;0;0;-7;-7;7;0;-11
8,6;-2;-7;0;-7;-8;6;8;-13
8,7;-7;-1;0;-6;-7;0;4;-13
8,8;-7;-2;0;-6;-8;0;12;-13
8,9;-7;-8;0;-6;-6;1;7;-19
9;-5;-13;0;-6;-7;0;5;-13
9,1;-6;-7;2;-7;-7;-1;6;-11
9,2;-6;-7;-4;-6;-6;1;7;-13
9,3;-1;-7;1;-7;-8;-6;2;-11
9,4;-1;-9;2;-6;-8;-1;6;-18
9,5;-5;-7;3;-6;-6;-7;-1;-18
9,6;-7;-7;0;-6;-6;0;0;-18
9,7;-8;-12;1;-6;-8;-1;0;-17
9,8;-5;-11;0;-7;0;-1;1;-19
9,9;-7;-7;-6;-6;-7;-1;0;-17
10;-3;-7;-1;-6;-7;-1;0;-18
10,1;-6;-8;1;-5;-8;-7;5;-18
10,2;-9;-8;0;-6;-6;-6;-1;-21
10,3;-8;-7;1;-5;-6;-6;7;-18
10,4;-7;-13;-6;-7;-8;0;0;-24
10,5;-7;-13;-3;-5;-6;-7;1;-19
10,6;-6;-12;-5;-6;-6;-11;-1;-18
10,7;-7;-14;0;-7;-8;-7;0;-23
10,8;-6;-13;-4;-7;-7;-5;0;-18
10,9;-8;-13;1;-6;-8;-5;0;-30
11;-7;-11;-6;-6;-7;-8;0;-16
11,1;-7;-14;-1;-6;-6;-7;-2;-18
11,2;-5;-14;-4;-7;-1;-6;0;-18
11,3;0;-7;-6;-5;0;-5;0;-24
11,4;-8;-13;1;-6;-8;-3;-2;-18
11,5;-7;-13;1;-6;-8;-6;1;-22
11,6;-7;-13;0;-7;-2;-6;0;-30
11,7;-7;-6;0;-6;-8;-6;0;-18
11,8;-7;-13;-6;-6;-6;-7;0;-25
11,9;-8;-13;0;-6;-8;-6;0;-17
12;-8;-12;-5;-6;-7;-6;0;-20
12,1;-3;-12;1;-6;-8;-7;-1;-24
12,2;-7;-13;-5;-6;-8;-5;0;-18
12,3;-8;-12;-4;-6;-8;-7;0;-26
12,4;-7;-14;-6;-6;-8;-7;-2;-24
12,5;-8;-13;-11;-6;-7;-3;-3;-23
12,6;-6;-13;-2;-6;-7;-5;-2;-23
12,7;-6;-12;-4;-7;-7;-7;0;-23
12,8;-5;-13;-6;-5;-13;-5;0;-24
12,9;-7;-11;-5;-6;-8;-6;1;-23
13;-7;-13;-6;-7;-14;-13;0;-24
13,1;-8;-13;2;-6;-6;-5;0;-23
13,2;-7;-13;-4;-5;-13;-6;1;-24
13,3;-14;-13;-11;-6;-6;-6;0;-23
13,4;-7;-13;-3;-6;-8;-5;0;-23
13,5;-8;-12;-6;-5;-8;-7;-1;-22
13,6;-7;-13;-4;-6;-7;-7;0;-25
13,7;-12;-13;-5;-6;-13;-5;0;-29
13,8;-12;-12;-3;-5;-7;-7;-1;-23
13,9;-8;-12;-6;-6;-13;-5;0;-31
14;-7;-12;-6;-5;-14;-7;0;-31
14,1;-8;-13;-4;-6;-13;-7;0;-23
14,2;-7;-13;-4;-6;-14;-5;-1;-29
14,3;-5;-12;-9;-6;-12;-6;-2;-31
14,4;-7;-13;-5;-6;-8;-5;-7;-23
14,5;-12;-12;-4;-7;-13;-6;0;-23
14,6;-14;-13;-4;-6;-12;-7;0;-24
14,7;-5;-12;-6;-6;-13;-7;0;-24
14,8;-14;-11;-6;-6;-13;-7;0;-23
14,9;-14;-9;-5;-6;-13;-6;0;-32
15;-11;-12;-5;-7;-13;-7;0;-27
15,1;-9;-14;-11;-6;-13;-7;0;-31
15,2;-14;-13;-4;-6;-13;-5;-1;-31
15,3;-14;-13;-12;-6;-14;-7;0;-25
15,4;-14;-12;-5;-6;-13;-7;-1;-25
15,5;-14;-13;-5;-7;-18;-6;0;-31
15,6;-12;-13;-11;-6;-14;-13;0;-31
15,7;-14;-13;-6;0;-19;-6;0;-23
15,8;-12;-14;-11;-6;-13;-6;0;-30
15,9;-12;-12;-5;-6;-20;-7;0;-31
16;-7;-12;-6;-5;-13;-14;0;-24
16,1;-13;-12;-11;-7;-19;-7;-6;-29
16,2;-14;-11;-6;-6;-13;-12;0;-30
16,3;-13;-13;-6;-6;-13;-14;-1;-31
16,4;-14;-12;-5;-6;-20;-13;-1;-31
16,5;-14;-13;-3;-6;-14;-6;0;-31
16,6;-13;-13;-9;-4;-13;-12;-7;-29
16,7;-7;-12;-11;-6;-13;-6;-2;-30
16,8;-13;-14;-5;-6;-19;-6;-6;-30
16,9;-14;-13;-4;-6;-15;-13;-5;-30
17;-12;-20;-11;-6;-13;-7;0;-31
17,1;-12;-13;-12;-5;-19;-13;-1;-31
17,2;-14;-11;-12;-7;-14;-14;-6;-30
17,3;-12;-14;-11;-6;-19;-13;-7;-29
17,4;-7;-14;-11;-6;-19;-5;-7;-30
17,5;-13;-13;-4;-6;-20;-12;-4;-31
17,6;-12;-13;-4;-7;-18;-6;0;-31
17,7;-13;-17;-10;-6;-27;-13;-7;-31
17,8;-9;-13;-10;-5;-17;-12;0;-29
17,9;-7;-12;-10;-6;-13;-13;-6;-31
18;-13;-14;-5;-7;-19;-13;-6;-32
18,1;-13;-13;-4;-6;-19;-10;-2;-31
18,2;-12;-13;-10;-4;-19;-13;0;-30
18,3;-7;-13;-6;-8;-20;-13;-6;-31
18,4;-14;-13;-11;-7;-19;-11;-6;-31
18,5;-14;-19;-11;-6;-20;-13;0;-31
18,6;-12;-12;-11;-7;-20;-14;-1;-31
18,7;-7;-13;-17;-6;-19;-12;0;-29
18,8;-13;-20;-11;-6;-19;-12;-1;-29
18,9;-10;-18;-11;-5;-25;-12;-7;-31
19;-14;-14;-11;-6;-25;-18;-13;-30
19,1;-13;-13;-9;-6;-19;-19;-7;-29
19,2;-14;-12;-11;-6;-20;-13;-1;-31
19,3;-13;-14;-9;-5;-19;-18;-6;-29
19,4;-13;-20;-11;-7;-19;-13;-7;-31
19,5;-11;-18;-9;-6;-20;-19;-1;-31
19,6;-13;-20;-10;-6;-19;-14;-6;-29
19,7;-14;-19;-11;-7;-26;-13;-13;-30
19,8;-12;-13;-17;-6;-25;-12;-1;-29
19,9;-14;-19;-11;-5;-24;-12;-7;-31
20;-12;-19;-11;-6;-26;-13;0;-31
20,1;-12;-18;-10;-7;-19;-13;-7;-28
20,2;-12;-19;-12;-7;-17;-13;-6;-30
20,3;-12;-13;-15;-7;-26;-18;-7;-25
20,4;-13;-13;-12;-7;-24;-20;-7;-34
20,5;-14;-12;-10;-7;-25;-16;-7;-29
20,6;-13;-25;-11;-7;-26;-19;-4;-31
20,7;-14;-18;-11;-6;-24;-13;-7;-31
20,8;-13;-18;-10;-5;-26;-11;-7;-31
20,9;-13;-18;-16;-6;-26;-20;-6;-29
21;-12;-18;-10;0;-19;-17;-1;-30
21,1;-12;-18;-11;-7;-25;-18;1;-29
21,2;-14;-25;-15;-6;-20;-18;-8;-30
21,3;-12;-19;-11;-7;-26;-18;-6;-30
21,4;-12;-18;-9;-6;-26;-18;-5;-31
21,5;-12;-25;-18;-7;-18;-18;-7;-29
21,6;-14;-21;-16;-7;-26;-19;-5;-31
21,7;-14;-20;-11;-7;-27;-17;-7;-31
21,8;-13;-25;-11;-6;-26;-14;-6;-31
21,9;-18;-19;-18;-6;-26;-18;-6;-32
22;-14;-20;-16;-7;-26;-19;-7;-30
22,1;-14;-20;-11;-7;-25;-18;-6;-30
22,2;-14;-20;-16;-7;-26;-20;-6;-30
22,3;-14;-18;-16;-6;-26;-18;-7;-31
22,4;-12;-19;-17;-6;-25;-19;-8;-31
22,5;-14;-19;-17;-7;-26;-20;-7;-31
22,6;-14;-25;-11;-7;-26;-18;-8;-31
22,7;-12;-18;-18;-7;-26;-19;-6;-31
22,8;-14;-24;-18;-7;-25;-20;-6;-31
22,9;-12;-20;-17;-6;-26;-18;-12;-30
23;-12;-18;-17;-7;-26;-20;-7;-31
23,1;-14;-20;-11;-6;-26;-18;-7;-31
23,2;-14;-31;-15;-6;-27;-18;-6;-29
23,3;-12;-18;-16;-6;-26;-20;-6;-31
23,4;-14;-25;-15;0;-25;-18;-6;-29
23,5;-12;-25;-17;-7;-24;-18;-13;-30
23,6;-12;-19;-11;-7;-25;-18;-8;-30
23,7;-13;-20;-15;-6;-26;-18;-7;-31
23,8;-13;-20;-17;-1;-26;-18;-8;-31
23,9;-13;-18;-17;-6;-24;-19;-6;-33
24;-13;-25;-16;-5;-26;-17;-6;-31
24,1;-12;-18;-18;-7;-26;-18;-6;-31
24,2;-14;-24;-17;-6;-27;-19;-1;-31
24,3;-13;-18;-17;-6;-26;-17;-7;-31
24,4;-12;-27;-17;-6;-27;-18;-7;-29
24,5;-12;-18;-15;-7;-26;-18;-14;-31
24,6;-21;-23;-17;-6;-31;-18;-7;-29
24,7;-19;-20;-17;-6;-26;-18;-6;-31
24,8;-14;-25;-10;-6;-24;-18;-7;-31
24,9;-10;-19;-18;-6;-33;-19;-4;-31
25;-13;-26;-16;-5;-26;-19;-6;-31
25,1;-13;-24;-16;-6;-27;-19;-6;-31
25,2;-14;-20;-18;-7;-26;-19;-6;-35
25,3;-13;-18;-17;-6;-26;-19;-8;-30
25,4;-14;-24;-16;-5;-25;-19;-7;-29
25,5;-14;-26;-17;-6;-26;-18;-7;-36
25,6;-13;-18;-17;-6;-28;-18;-6;-31
25,7;-14;-25;-9;-6;-26;-19;-7;-29
25,8;-14;-22;-15;-7;-32;-18;-7;-31
25,9;-13;-25;-17;-6;-26;-20;-7;-31
26;-15;-24;-17;-6;-25;-17;-7;-29
26,1;-14;-25;-16;-7;-25;-19;-6;-42
26,2;-12;-18;-19;-6;-25;-18;-7;-31
26,3;-14;-19;-17;-7;-26;-18;-6;-29
26,4;-14;-19;-15;-6;-26;-20;-8;-30
26,5;-14;-23;-18;-8;-26;-19;-7;-30
26,6;-19;-25;-17;-7;-25;-19;-7;-31
26,7;-14;-25;-17;-7;-26;-16;-7;-31
26,8;-13;-26;-16;0;-27;-17;-6;-37
26,9;-14;-24;-17;-6;-31;-18;-7;-36
27;-13;-25;-18;-6;-31;-19;-7;-29
27,1;-13;-25;-17;-6;-27;-18;-13;-37
27,2;-14;-24;-17;-6;-25;-16;-14;-31
27,3;-14;-25;-18;-7;-35;-19;-7;-31
27,4;-13;-25;-17;-5;-32;-18;-6;-37
27,5;-14;-25;-17;-7;-26;-18;-7;-37
27,6;-14;-25;-17;-4;-32;-18;-12;-38
27,7;-12;-31;-17;-7;-32;-19;-6;-30
27,8;-12;-24;-17;-7;-32;-17;-13;-29
27,9;-14;-24;-15;-7;-33;-19;1;-38
28;-14;-25;-18;-6;-31;-18;-9;-29
28,1;-14;-25;-16;-7;-25;-17;-7;-36
28,2;-14;-26;-17;-6;-32;-18;-6;-33
28,3;-14;-30;-15;-6;-33;-20;-6;-37
28,4;-13;-26;-16;-7;-26;-20;-6;-31
28,5;-14;-31;-17;-6;-31;-20;-6;-38
28,6;-12;-25;-16;-6;-33;-19;-7;-30
28,7;-14;-26;-17;-6;-33;-18;-7;-29
28,8;-12;-31;-17;-6;-33;-18;-6;-32
28,9;-14;-31;-19;-6;-30;-18;-7;-36
29;-14;-31;-17;-6;-32;-19;-13;-31
29,1;-12;-30;-16;-7;-33;-19;-7;-31
29,2;-12;-32;-17;-6;-33;-22;-7;-31
29,3;-14;-26;-17;-6;-32;-31;-14;-36
29,4;-14;-27;-17;-6;-33;-20;-8;-31
29,5;-13;-31;-16;-4;-33;-18;-13;-31
29,6;-13;-31;-17;-6;-33;-18;-9;-36
29,7;-14;-31;-18;-6;-39;-18;-14;-36
29,8;-12;-31;-16;-6;-38;-18;-13;-36
29,9;-14;-31;-17;-6;-33;-20;-13;-36
30;-13;-31;-17;-6;-31;-24;-13;-36
30,1;-15;-31;-17;-6;-32;-18;-6;-35
30,2;-12;-29;-15;-6;-32;-20;-10;-37
30,3;-14;-31;-16;-6;-35;-20;-7;-37
30,4;-13;-33;-17;-6;-39;-19;-7;-36
30,5;-14;-31;-18;-7;-38;-19;-15;-37
30,6;-13;-32;-18;-6;-32;-19;-7;-38
30,7;-15;-31;-23;-6;-30;-19;-7;-36
30,8;-14;-31;-23;-6;-32;-21;-7;-38
30,9;-12;-31;-17;-6;-38;-19;-13;-43
31;-15;-25;-17;-6;-33;-18;-7;-36
31,1;-15;-32;-17;-6;-38;-19;-11;-36
31,2;-14;-31;-15;-6;-38;-19;-12;-43
31,3;-14;-33;-18;-6;-39;-20;-7;-36
31,4;-14;-30;-16;-6;-32;-20;-13;-37
31,5;-13;-30;-17;-6;-36;-19;-11;-43
31,6;-12;-31;-16;-6;-34;-25;-12;-37
31,7;-13;-30;-18;-6;-37;-19;-9;-36
31,8;-11;-31;-17;-6;-37;-25;-7;-36
31,9;-13;-30;-17;-6;-37;-18;-7;-37
32;-14;-30;-19;-7;-30;-18;-9;-38
32,1;-14;-31;-18;-6;-37;-18;-13;-43
32,2;-12;-30;-17;-6;-33;-18;-14;-36
32,3;-20;-31;-17;-7;-37;-20;-14;-36
32,4;-12;-32;-17;-6;-31;-19;-12;-35
32,5;-13;-31;-17;-6;-33;-19;-14;-36
32,6;-13;-31;-16;-7;-39;-22;-13;-36
32,7;-13;-30;-16;-13;-33;-20;-12;-36
32,8;-12;-30;-23;-6;-32;-18;-7;-38
32,9;-13;-31;-17;-7;-33;-17;-13;-37
33;-14;-30;-17;-5;-38;-25;-14;-42
33,1;-14;-31;-16;-6;-31;-18;-14;-36
33,2;-14;-31;-17;-6;-38;-18;-15;-36
33,3;-13;-31;-17;-6;-31;-20;-13;-36
33,4;-14;-30;-17;-6;-37;-24;-14;-42
33,5;-14;-33;-18;-7;-38;-19;-14;-36
33,6;-18;-31;-16;-7;-34;-18;-8;-36
33,7;-14;-32;-18;-6;-38;-19;-12;-37
33,8;-14;-32;-17;-6;-33;-24;-14;-38
33,9;-14;-29;-17;-7;-33;-25;-6;-36
34;-14;-32;-17;-6;-32;-19;-14;-38
34,1;-20;-31;-17;-4;-33;-32;-13;-36
34,2;-20;-31;-23;-6;-37;-23;-14;-36
34,3;-13;-30;-17;-6;-33;-21;-14;-37
34,4;-14;-32;-17;-6;-39;-19;-13;-43
34,5;-12;-31;-17;-6;-36;-18;-13;-38
34,6;-13;-31;-19;-7;-37;-26;-7;-44
34,7;-14;-30;-21;-6;-32;-24;-13;-41
34,8;-14;-31;-18;-11;-37;-25;-13;-37
34,9;-13;-30;-17;-5;-34;-24;-13;-38
35;-13;-31;-17;-7;-33;-23;-13;-37
35,1;-19;-31;-19;-6;-38;-24;-13;-43
35,2;-13;-31;-29;-7;-37;-25;-14;-38
35,3;-13;-31;-17;-6;-37;-25;-15;-40
35,4;-13;-32;-18;-6;-38;-24;-13;-36
35,5;-14;-31;-17;-6;-39;-25;-13;-38
35,6;-12;-31;-22;-6;-32;-24;-13;-36
35,7;-14;-31;-19;-6;-32;-25;-14;-36
35,8;-13;-31;-17;-11;-33;-25;-12;-36
35,9;-14;-30;-17;-6;-31;-24;-13;-38
36;-13;-31;-17;-7;-38;-23;-11;-43
36,1;-11;-29;-16;-7;-38;-25;-13;-37
36,2;-14;-33;-23;-6;-37;-25;-13;-37
36,3;-14;-31;-17;-13;-39;-26;-13;-43
36,4;-12;-30;-17;-8;-38;-23;-14;-42
36,5;-14;-31;-16;-6;-38;-25;-13;-39
36,6;-19;-37;-29;-6;-38;-25;-13;-42
36,7;-14;-31;-17;-6;-35;-24;-6;-37
36,8;-12;-29;-17;-6;-38;-25;-15;-38
36,9;-11;-30;-18;-6;-39;-25;-7;-36
37;-14;-32;-29;-13;-37;-24;-15;-31
37,1;-14;-30;-22;-6;-37;-23;-13;-39
37,2;-20;-31;-17;-9;-39;-24;-13;-36
37,3;-14;-31;-17;-6;-38;-31;-6;-36
37,4;-13;-32;-18;-7;-38;-26;-6;-36
37,5;-19;-29;-20;-12;-39;-29;-13;-43
37,6;-12;-35;-17;-6;-38;-23;-15;-38
37,7;-19;-31;-16;-5;-37;-24;-6;-29
37,8;-12;-30;-21;-6;-39;-23;-13;-38
37,9;-19;-31;-17;-6;-39;-25;-7;-38
38;-13;-29;-18;-12;-39;-25;-7;-43
38,1;-12;-37;-18;-12;-39;-32;-13;-38
38,2;-14;-31;-16;-5;-39;-24;-7;-38
38,3;-13;-30;-24;-5;-38;-24;-8;-43
38,4;-13;-31;-28;-8;-37;-38;-11;-43
38,5;-13;-31;-17;-6;-38;-24;-13;-36
38,6;-20;-31;-23;-6;-40;-31;-14;-42
38,7;-13;-31;-17;-12;-39;-31;-6;-43
38,8;-21;-31;-17;-7;-39;-30;-7;-44
38,9;-19;-36;-23;-6;-38;-32;-7;-42
39;-16;-32;-17;-7;-39;-31;-7;-42
39,1;-14;-29;-25;-5;-38;-32;-13;-43
39,2;-19;-32;-22;-6;-39;-31;-11;-44
39,3;-14;-31;-24;-11;-38;-25;-12;-43
39,4;-12;-31;-29;-7;-39;-31;-12;-44
39,5;-20;-31;-16;-13;-37;-24;-11;-43
39,6;-21;-38;-21;-6;-37;-31;-12;-42
39,7;-14;-31;-23;-6;-39;-31;-13;-42
39,8;-20;-31;-23;-7;-39;-31;-13;-38
39,9;-14;-33;-17;-5;-38;-31;-13;-43
40;-13;-30;-22;-6;-37;-31;-13;-43
40,1;-13;-31;-24;-6;-37;-32;-13;-42
40,2;-14;-31;-19;-7;-39;-31;-13;-44
40,3;-14;-32;-17;-7;-38;-31;-13;-42
40,4;-19;-31;-23;-6;-38;-31;-15;-38
40,5;-19;-33;-24;-6;-40;-36;-8;-43
40,6;-27;-31;-24;-5;-37;-38;-13;-44
40,7;-14;-32;-25;-12;-37;-31;-13;-43
40,8;-13;-31;-24;-11;-37;-31;-13;-43
40,9;-14;-37;-24;-6;-38;-31;-13;-42
41;-19;-31;-22;-7;-38;-37;-6;-43
41,1;-14;-30;-18;-6;-38;-31;-13;-44
41,2;-12;-32;-24;-6;-36;-30;-12;-43
41,3;-19;-30;-23;-5;-38;-32;-13;-43
41,4;-19;-38;-22;-6;-39;-31;-13;-44
41,5;-18;-31;-29;-7;-37;-32;-13;-44
41,6;-12;-31;-24;-19;-39;-37;-13;-43
41,7;-16;-32;-23;-8;-39;-31;-13;-43
41,8;-19;-32;-24;-8;-39;-31;-14;-43
41,9;-19;-31;-30;-14;-39;-37;-13;-42
42;-14;-38;-21;-6;-39;-38;-8;-43
42,1;-13;-31;-24;-11;-37;-38;-13;-37
42,2;-13;-31;-23;-9;-39;-36;-12;-43
42,3;-13;-38;-23;-13;-40;-33;-13;-43
42,4;-14;-37;-23;-7;-38;-30;-13;-45
42,5;-12;-37;-22;-12;-39;-38;-13;-42
42,6;-19;-32;-23;-13;-37;-37;-11;-45
42,7;-14;-36;-23;-12;-38;-37;-7;-42
42,8;-14;-38;-22;-7;-37;-31;-9;-36
42,9;-11;-31;-22;-13;-37;-38;-13;-43
43;-19;-29;-22;-13;-38;-36;-15;-44
43,1;-19;-37;-24;-12;-39;-38;-13;-41
43,2;-14;-37;-23;-13;-38;-38;-7;-43
43,3;-14;-38;-28;-13;-37;-38;-13;-43
43,4;-13;-37;-28;-11;-38;-31;-14;-45
43,5;-13;-38;-23;-12;-37;-38;-7;-44
43,6;-14;-38;-23;-13;-38;-38;-13;-42
43,7;-13;-38;-22;-13;-39;-31;-15;-42
43,8;-16;-31;-23;-13;-38;-37;-14;-43
43,9;-13;-37;-23;-14;-44;-37;-14;-45
44;-17;-37;-30;-12;-38;-38;-7;-45
44,1;-18;-36;-22;-11;-39;-36;-14;-44
44,2;-14;-38;-23;-13;-38;-37;-14;-42
44,3;-14;-38;-23;-12;-39;-36;-13;-43
44,4;-12;-38;-25;-11;-38;-36;-13;-43
44,5;-13;-35;-24;-13;-42;-37;-6;-42
44,6;-19;-36;-24;-13;-39;-36;-6;-43
44,7;-13;-38;-24;-13;-37;-37;-13;-44
44,8;-13;-43;-23;-6;-37;-34;-7;-42
44,9;-14;-38;-22;-6;-39;-37;-7;-38
45;-14;-36;-24;-8;-37;-38;-14;-44
45,1;-20;-37;-24;-13;-38;-38;-13;-43
45,2;-19;-36;-25;-7;-39;-38;-7;-44
45,3;-14;-37;-23;-15;-39;-38;-14;-43
45,4;-19;-37;-24;-11;-44;-37;-12;-44
45,5;-25;-36;-22;-11;-37;-38;-13;-43
45,6;-25;-37;-22;-10;-38;-37;-8;-43
45,7;-15;-38;-23;-5;-39;-36;-13;-43
45,8;-19;-38;-22;-6;-39;-38;-14;-43
45,9;-16;-36;-23;-6;-38;-36;-13;-43
46;-15;-31;-30;-6;-38;-36;-12;-43
46,1;-14;-36;-22;-7;-38;-38;-11;-43
46,2;-21;-38;-23;-6;-45;-37;-6;-43
46,3;-12;-35;-24;-18;-38;-35;-14;-44
46,4;-19;-37;-24;-12;-39;-38;-15;-45
46,5;-14;-36;-24;-11;-38;-36;-13;-42
46,6;-14;-31;-29;-13;-45;-37;-7;-42
46,7;-19;-36;-23;-13;-45;-38;-15;-44
46,8;-19;-39;-23;-12;-45;-37;-14;-42
46,9;-19;-38;-26;-12;-38;-38;-14;-43
47;-19;-37;-29;-11;-44;-38;-15;-43
47,1;-19;-38;-29;-12;-39;-36;-15;-43
47,2;-19;-38;-22;-13;-37;-38;-15;-43
47,3;-19;-38;-29;-12;-46;-38;-15;-44
47,4;-19;-39;-29;-13;-38;-37;-13;-44
47,5;-21;-38;-22;-12;-43;-37;-13;-42
47,6;-20;-38;-23;-12;-39;-36;-14;-42
47,7;-14;-38;-23;-13;-44;-38;-13;-44
47,8;-18;-37;-30;-17;-39;-36;-13;-43
47,9;-19;-38;-23;-14;-38;-37;-15;-43
48;-13;-36;-27;-15;-45;-37;-13;-43
48,1;-21;-37;-25;-12;-44;-36;-13;-43
48,2;-19;-38;-22;-13;-40;-37;-15;-43
48,3;-20;-38;-29;-13;-38;-37;-13;-43
48,4;-19;-43;-29;-13;-38;-38;-13;-43
48,5;-12;-38;-29;-13;-44;-37;-15;-42
48,6;-19;-36;-22;-12;-37;-38;-13;-44
48,7;-20;-37;-29;-12;-39;-37;-12;-43
48,8;-19;-37;-23;-5;-39;-38;-13;-44
48,9;-19;-37;-22;-11;-38;-37;-14;-43
49;-19;-44;-29;-13;-39;-38;-15;-43
49,1;-20;-38;-23;-13;-41;-43;-12;-43
49,2;-13;-38;-29;-13;-42;-37;-14;-43
49,3;-21;-44;-28;-12;-44;-37;-13;-42
49,4;-19;-36;-29;-14;-38;-43;-13;-43
49,5;-19;-44;-28;-12;-44;-38;-13;-42
49,6;-20;-44;-29;-11;-44;-37;-13;-43
49,7;-21;-37;-28;-13;-39;-37;-13;-43
49,8;-19;-42;-28;-17;-50;-45;-13;-43
49,9;-13;-44;-29;-14;-38;-39;-12;-43
50;-19;-37;-30;-12;-42;-38;-13;-43
50,1;-19;-37;-28;-11;-38;-37;-15;-42
50,2;-19;-44;-28;-12;-44;-42;-14;-42
50,3;-12;-45;-29;-13;-38;-36;-13;-43
50,4;-14;-43;-28;-13;-45;-42;-13;-43
50,5;-14;-44;-29;-12;-44;-43;-14;-43
50,6;-15;-44;-24;-14;-44;-37;-14;-43
50,7;-21;-45;-29;-13;-44;-45;-13;-42
50,8;-13;-44;-29;-13;-45;-42;-13;-45
50,9;-14;-44;-30;-13;-44;-43;-13;-43
51;-14;-43;-30;-13;-45;-38;-8;-45
51,1;-20;-45;-29;-14;-45;-36;-13;-43
51,2;-13;-44;-29;-13;-44;-37;-13;-45
51,3;-20;-44;-31;-11;-44;-37;-13;-43
51,4;-21;-44;-28;-7;-50;-37;-7;-43
51,5;-19;-43;-29;-12;-39;-43;-6;-43
51,6;-24;-45;-28;-11;-45;-37;-12;-42
51,7;-21;-38;-29;-14;-45;-43;-16;-44
51,8;-24;-42;-30;-13;-50;-38;-7;-45
51,9;-14;-42;-28;-13;-45;-43;-13;-43
52;-14;-44;-28;-11;-43;-38;-12;-44
52,1;-19;-44;-30;-14;-44;-42;-15;-42
52,2;-19;-43;-29;-18;-44;-36;-13;-44
52,3;-20;-44;-29;-11;-50;-37;-13;-43
52,4;-20;-38;-28;-12;-51;-38;-15;-43
52,5;-19;-44;-29;-12;-45;-43;-15;-43
52,6;-20;-44;-29;-13;-44;-43;-13;-44
52,7;-14;-44;-28;-13;-51;-43;-8;-43
52,8;-19;-43;-28;-11;-44;-43;-12;-43
52,9;-20;-44;-29;-12;-46;-36;-13;-43
53;-19;-45;-29;-20;-45;-43;-13;-43
53,1;-16;-43;-29;-13;-44;-43;-13;-43
53,2;-19;-44;-29;-13;-44;-43;-14;-43
53,3;-19;-44;-29;-11;-44;-38;-14;-45
53,4;-20;-44;-30;-18;-43;-37;-14;-43
53,5;-21;-42;-31;-19;-44;-42;-13;-43
53,6;-20;-44;-30;-17;-44;-36;-14;-43
53,7;-14;-44;-29;-18;-51;-45;-14;-43
53,8;-20;-43;-29;-19;-44;-37;-8;-42
53,9;-18;-43;-29;-18;-45;-37;-13;-43
54;-19;-42;-29;-20;-44;-43;-6;-43
54,1;-19;-45;-29;-18;-45;-43;-13;-43
54,2;-19;-44;-29;-19;-45;-43;-8;-43
54,3;-20;-44;-29;-15;-50;-43;-14;-42
54,4;-19;-44;-28;-17;-46;-43;-13;-44
54,5;-21;-43;-28;-18;-51;-44;-13;-43
54,6;-19;-44;-29;-20;-44;-43;-13;-51
54,7;-16;-43;-29;-18;-46;-42;-13;-43
54,8;-19;-42;-30;-12;-51;-43;-13;-43
54,9;-21;-44;-29;-18;-44;-42;-14;-49
55;-21;-44;-29;-19;-45;-42;-14;-43
55,1;-19;-44;-28;-18;-46;-43;-13;-44
55,2;-25;-43;-30;-7;-45;-49;-13;-45
55,3;-18;-50;-28;-12;-44;-43;-14;-50
55,4;-13;-43;-28;-18;-39;-44;-14;-45
55,5;-21;-43;-35;-17;-51;-43;-12;-43
55,6;-21;-44;-29;-13;-44;-49;-13;-50
55,7;-21;-43;-30;-20;-43;-42;-13;-42
55,8;-20;-43;-29;-20;-44;-49;-8;-43
55,9;-15;-44;-30;-18;-46;-44;-13;-45
56;-20;-43;-28;-12;-50;-43;-13;-49
56,1;-18;-43;-29;-13;-38;-49;-14;-49
56,2;-19;-42;-29;-17;-45;-45;-13;-43
56,3;-19;-44;-29;-18;-50;-42;-13;-45
56,4;-20;-44;-29;-18;-50;-43;-15;-42
56,5;-27;-44;-28;-18;-53;-50;-15;-43
56,6;-25;-43;-30;-13;-45;-38;-15;-43
56,7;-17;-44;-30;-11;-39;-49;-14;-50
56,8;-20;-42;-29;-13;-43;-48;-13;-49
56,9;-20;-44;-31;-19;-51;-43;-13;-49
57;-21;-44;-30;-18;-45;-43;-14;-42
57,1;-19;-44;-29;-14;-49;-49;-14;-43
57,2;-19;-43;-28;-17;-51;-44;-15;-43
57,3;-20;-44;-30;-17;-52;-48;-14;-49
57,4;-21;-43;-29;-19;-51;-49;-13;-44
57,5;-19;-44;-36;-18;-51;-49;-13;-41
57,6;-19;-42;-28;-18;-46;-48;-13;-48
57,7;-20;-44;-30;-13;-50;-43;-13;-47
57,8;-19;-44;-29;-19;-50;-44;-15;-50
57,9;-21;-45;-29;-16;-51;-50;-13;-49
58;-18;-50;-29;-19;-51;-49;-13;-51
58,1;-27;-45;-29;-18;-50;-49;-14;-49
58,2;-21;-44;-29;-13;-45;-49;-15;-50
58,3;-19;-44;-29;-19;-50;-48;-13;-50
58,4;-20;-43;-29;-18;-44;-51;-14;-50
58,5;-19;-44;-29;-20;-50;-49;-13;-50
58,6;-21;-44;-30;-19;-50;-43;-14;-51
58,7;-19;-45;-29;-20;-50;-44;-13;-43
58,8;-21;-43;-29;-17;-50;-50;-15;-50
58,9;-21;-44;-30;-18;-50;-50;-15;-49
59;-27;-44;-30;-20;-44;-50;-15;-49
59,1;-27;-44;-28;-18;-50;-49;-15;-51
59,2;-20;-43;-28;-18;-51;-50;-15;-56
59,3;-20;-44;-29;-12;-50;-48;-13;-49
59,4;-19;-44;-35;-18;-50;-49;-12;-49
59,5;-19;-44;-26;-18;-42;-49;-14;-49
59,6;-20;-42;-28;-19;-50;-42;-13;-50
59,7;-21;-43;-29;-19;-51;-49;-14;-51
59,8;-19;-42;-29;-18;-50;-51;-15;-51
59,9;-25;-44;-29;-18;-50;-49;-12;-49
60;-32;-44;-30;-17;-51;-49;-13;-49
60,1;-26;-45;-35;-17;-50;-50;-15;-49
60,2;-25;-49;-29;-17;-51;-48;-14;-51
60,3;-20;-43;-29;-18;-44;-54;-13;-51
60,4;-19;-45;-28;-19;-51;-48;-13;-49
60,5;-21;-44;-29;-17;-52;-49;-8;-43
60,6;-27;-45;-29;-18;-51;-51;-13;-49
60,7;-32;-49;-29;-11;-50;-49;-13;-49
60,8;-27;-50;-29;-20;-50;-49;-13;-51
60,9;-26;-49;-29;-18;-50;-50;-13;-49
61;-32;-42;-28;-15;-45;-50;-14;-49
61,1;-33;-50;-30;-18;-51;-49;-14;-56
61,2;-32;-49;-29;-13;-50;-50;-14;-51
61,3;-26;-47;-30;-19;-52;-50;-14;-55
61,4;-25;-44;-32;-19;-49;-49;-13;-55
61,5;-28;-45;-29;-18;-51;-49;-15;-54
61,6;-32;-45;-29;-19;-50;-49;-14;-55
61,7;-33;-43;-29;-18;-50;-49;-15;-54
61,8;-27;-45;-29;-13;-51;-49;-14;-56
61,9;-27;-49;-29;-17;-50;-50;-13;-54
62;-27;-51;-28;-18;-50;-49;-15;-49
62,1;-32;-45;-35;-19;-51;-49;-15;-55
62,2;-27;-49;-30;-19;-51;-48;-13;-57
62,3;-27;-47;-29;-19;-51;-49;-13;-56
62,4;-26;-46;-29;-18;-51;-50;-13;-60
62,5;-27;-50;-35;-17;-53;-49;-14;-56
62,6;-27;-49;-29;-18;-51;-49;-14;-56
62,7;-26;-49;-29;-18;-50;-49;-15;-50
62,8;-24;-51;-29;-19;-51;-49;-13;-56
62,9;-27;-44;-29;-18;-52;-51;-13;-56
63;-27;-43;-28;-18;-52;-51;-14;-57
63,1;-26;-43;-29;-19;-51;-50;-13;-54
63,2;-27;-49;-28;-18;-51;-48;-14;-55
63,3;-31;-49;-29;-19;-52;-50;-14;-55
63,4;-25;-44;-29;-20;-51;-49;-7;-56
63,5;-27;-50;-29;-18;-48;-49;-15;-56
63,6;-27;-49;-30;-18;-51;-48;-13;-56
63,7;-26;-44;-35;-18;-52;-49;-15;-56
63,8;-26;-48;-34;-19;-49;-51;-14;-51
63,9;-26;-49;-29;-13;-50;-50;-13;-56
64;-32;-54;-29;-18;-50;-49;-14;-56
64,1;-25;-49;-31;-18;-51;-48;-13;-56
64,2;-27;-44;-34;-19;-50;-49;-13;-62
64,3;-26;-50;-31;-18;-51;-49;-13;-62
64,4;-20;-50;-29;-18;-52;-49;-15;-61
64,5;-26;-50;-35;-18;-52;-49;-14;-60
64,6;-26;-50;-32;-18;-51;-47;-13;-56
64,7;-25;-43;-29;-18;-51;-49;-14;-56
64,8;-26;-50;-29;-26;-51;-50;-13;-56
64,9;-31;-51;-29;-20;-52;-49;-15;-56
65;-27;-49;-31;-20;-51;-49;-15;-62
65,1;-26;-44;-30;-18;-52;-49;-15;-62
65,2;-31;-45;-35;-17;-51;-49;-14;-56
65,3;-32;-50;-28;-18;-50;-49;-15;-56
65,4;-27;-49;-29;-19;-51;-49;-13;-62
65,5;-26;-42;-29;-18;-50;-49;-13;-62
65,6;-27;-49;-28;-20;-51;-49;-15;-57
65,7;-25;-49;-27;-18;-50;-50;-15;-57
65,8;-26;-51;-35;-18;-52;-49;-14;-55
65,9;-32;-50;-35;-18;-51;-50;-15;-60
66;-32;-51;-29;-18;-51;-49;-13;-58
66,1;-26;-50;-33;-18;-51;-48;-16;-62
66,2;-32;-51;-30;-20;-51;-49;-14;-62
66,3;-33;-50;-29;-20;-51;-49;-13;-56
66,4;-27;-49;-35;-20;-56;-48;-15;-62
66,5;-26;-50;-36;-20;-52;-49;-7;-62
66,6;-26;-56;-37;-18;-50;-50;-13;-62
66,7;-32;-56;-30;-17;-50;-50;-14;-62
66,8;-27;-49;-37;-19;-51;-49;-13;-60
66,9;-32;-51;-29;-20;-50;-51;-15;-62
67;-33;-51;-35;-17;-51;-49;-15;-62
67,1;-27;-49;-34;-18;-50;-49;-13;-62
67,2;-25;-51;-33;-18;-51;-50;-15;-62
67,3;-26;-49;-35;-18;-50;-49;-15;-62
67,4;-32;-51;-29;-19;-51;-50;-14;-61
67,5;-32;-51;-35;-18;-51;-49;-12;-62
67,6;-32;-54;-33;-18;-50;-49;-15;-62
67,7;-32;-56;-35;-17;-51;-49;-14;-61
67,8;-32;-49;-35;-18;-51;-49;-14;-61
67,9;-30;-49;-36;-20;-51;-50;-14;-62
68;-32;-50;-30;-19;-51;-48;-12;-62
68,1;-32;-56;-35;-20;-50;-49;-14;-60
68,2;-26;-56;-31;-17;-51;-49;-15;-63
68,3;-25;-49;-29;-20;-51;-55;-13;-61
68,4;-26;-52;-35;-17;-51;-55;-14;-58
68,5;-31;-51;-36;-19;-50;-55;-14;-62
68,6;-27;-51;-31;-18;-51;-54;-14;-61
68,7;-31;-50;-35;-19;-51;-49;-15;-62
68,8;-29;-56;-30;-18;-51;-48;-14;-62
68,9;-32;-49;-31;-18;-49;-48;-13;-62
69;-32;-51;-36;-19;-50;-49;-13;-62
69,1;-34;-49;-35;-18;-51;-52;-14;-61
69,2;-31;-56;-34;-18;-52;-56;-13;-62
69,3;-33;-51;-35;-18;-51;-50;-15;-63
69,4;-32;-49;-36;-19;-51;-56;-13;-62
69,5;-34;-49;-35;-18;-51;-56;-15;-62
69,6;-33;-49;-35;-18;-49;-50;-14;-62
69,7;-30;-56;-29;-18;-50;-56;-13;-62
69,8;-32;-51;-36;-19;-53;-56;-13;-62
69,9;-32;-50;-35;-17;-51;-55;-13;-61
70;-31;-51;-34;-19;-55;-49;-15;-62
70,1;-32;-50;-35;-18;-51;-49;-13;-62
70,2;-34;-55;-35;-18;-51;-55;-14;-62
70,3;-32;-56;-35;-19;-49;-56;-15;-62
70,4;-31;-56;-35;-20;-51;-49;-15;-62
70,5;-32;-48;-36;-18;-51;-49;-14;-62
70,6;-27;-57;-36;-18;-50;-55;-14;-62
70,7;-32;-57;-35;-18;-51;-54;-13;-62
70,8;-32;-49;-35;-18;-56;-55;-13;-61
70,9;-32;-55;-36;-17;-51;-54;-12;-63
71;-32;-50;-33;-18;-52;-56;-14;-62
71,1;-34;-49;-40;-20;-50;-56;-15;-62
71,2;-32;-58;-35;-18;-57;-54;-14;-62
71,3;-32;-50;-35;-17;-58;-52;-13;-61
71,4;-27;-55;-41;-18;-58;-55;-14;-61
71,5;-34;-56;-35;-19;-51;-56;-17;-62
71,6;-33;-56;-35;-20;-57;-54;-14;-62
71,7;-32;-50;-37;-18;-51;-53;-16;-67
71,8;-32;-50;-35;-18;-53;-56;-13;-62
71,9;-33;-58;-36;-18;-58;-55;-14;-62
72;-32;-55;-30;-20;-51;-56;-14;-61
72,1;-25;-56;-35;-18;-59;-56;-14;-62
72,2;-34;-56;-35;-19;-51;-54;-13;-61
72,3;-32;-51;-35;-19;-51;-55;-13;-61
72,4;-32;-56;-35;-18;-57;-62;-14;-62
72,5;-32;-57;-37;-19;-57;-62;-13;-60
72,6;-32;-56;-37;-19;-51;-55;-15;-62
72,7;-32;-56;-37;-18;-51;-54;-13;-60
72,8;-32;-56;-37;-18;-51;-54;-13;-65
72,9;-32;-57;-35;-18;-50;-55;-15;-61
73;-34;-56;-37;-19;-57;-54;-15;-62
73,1;-32;-57;-37;-20;-50;-55;-15;-62
73,2;-31;-57;-37;-18;-52;-61;-15;-62
73,3;-32;-56;-37;-20;-51;-63;-15;-61
73,4;-34;-58;-37;-17;-50;-60;-13;-62
73,5;-32;-54;-37;-18;-57;-61;-14;-69
73,6;-32;-55;-35;-18;-56;-62;-20;-67
73,7;-32;-56;-40;-19;-57;-54;-14;-74
73,8;-34;-55;-35;-19;-57;-63;-13;-62
73,9;-32;-56;-35;-20;-57;-61;-14;-62
74;-32;-57;-35;-18;-57;-53;-13;-60
74,1;-33;-56;-35;-19;-57;-54;-20;-63
74,2;-31;-56;-35;-18;-50;-56;-14;-60
74,3;-32;-55;-35;-18;-51;-54;-14;-69
74,4;-33;-54;-34;-19;-56;-55;-14;-67
74,5;-32;-57;-35;-20;-55;-54;-15;-68
74,6;-32;-55;-35;-20;-57;-56;-20;-63
74,7;-32;-56;-35;-18;-57;-56;-14;-62
74,8;-33;-55;-42;-17;-51;-56;-20;-69
74,9;-32;-56;-37;-18;-50;-62;-14;-62
75;-32;-56;-37;-17;-50;-59;-15;-68
75,1;-32;-56;-34;-19;-54;-61;-20;-67
75,2;-33;-57;-40;-18;-52;-54;-20;-63
75,3;-32;-56;-35;-18;-58;-63;-20;-62
75,4;-32;-56;-35;-18;-58;-62;-15;-62
75,5;-31;-56;-42;-18;-50;-62;-14;-68
75,6;-32;-55;-36;-18;-57;-62;-13;-68
75,7;-32;-56;-35;-18;-58;-60;-14;-68
75,8;-33;-56;-35;-20;-52;-61;-20;-62
75,9;-32;-55;-35;-19;-55;-54;-15;-67
76;-32;-55;-36;-18;-58;-63;-15;-63
76,1;-37;-56;-42;-19;-53;-61;-13;-62
76,2;-33;-56;-34;-19;-50;-63;-15;-65
76,3;-30;-55;-35;-18;-50;-63;-13;-67
76,4;-32;-56;-35;-18;-58;-62;-13;-63
76,5;-32;-56;-42;-19;-51;-54;-21;-68
76,6;-33;-56;-35;-18;-57;-62;-20;-68
76,7;-31;-56;-41;-17;-51;-62;-20;-67
76,8;-32;-49;-35;-19;-57;-62;-15;-68
76,9;-32;-56;-41;-18;-57;-54;-18;-74
77;-31;-49;-41;-18;-63;-62;-14;-67
77,1;-38;-56;-42;-18;-51;-60;-14;-67
77,2;-28;-58;-36;-18;-57;-57;-20;-69
77,3;-34;-56;-42;-24;-57;-61;-18;-67
77,4;-31;-54;-42;-18;-51;-62;-13;-68
77,5;-32;-54;-42;-24;-57;-61;-20;-74
77,6;-32;-57;-37;-17;-57;-62;-14;-68
77,7;-32;-56;-42;-19;-57;-62;-15;-66
77,8;-32;-55;-42;-19;-57;-57;-15;-62
77,9;-32;-57;-42;-19;-57;-62;-18;-68
78;-32;-56;-42;-19;-56;-62;-20;-69
78,1;-32;-56;-40;-17;-58;-62;-19;-68
78,2;-32;-56;-42;-20;-57;-56;-15;-69
78,3;-32;-57;-42;-18;-57;-60;-15;-67
78,4;-38;-56;-41;-24;-64;-61;-20;-69
78,5;-32;-55;-41;-19;-62;-62;-20;-68
78,6;-33;-56;-33;-20;-56;-62;-21;-68
78,7;-32;-57;-42;-17;-50;-62;-14;-67
78,8;-31;-56;-41;-18;-57;-62;-13;-73
78,9;-33;-56;-41;-19;-58;-60;-20;-68
79;-32;-55;-41;-18;-58;-62;-20;-74
79,1;-32;-56;-36;-18;-56;-62;-19;-68
79,2;-32;-57;-40;-18;-57;-61;-15;-75
79,3;-32;-56;-42;-20;-57;-62;-18;-69
79,4;-32;-56;-41;-17;-63;-60;-18;-70
79,5;-32;-56;-42;-19;-57;-62;-19;-74
79,6;-32;-57;-42;-20;-57;-62;-18;-74
79,7;-31;-56;-40;-18;-57;-56;-13;-70
79,8;-32;-56;-42;-25;-62;-62;-13;-69
79,9;-31;-55;-41;-25;-64;-60;-15;-73
80;-33;-56;-42;-19;-64;-63;-18;-68
80,1;-34;-57;-41;-18;-57;-62;-20;-68
80,2;-33;-55;-43;-18;-62;-62;-20;-67
80,3;-32;-55;-41;-19;-61;-62;-20;-75
80,4;-31;-57;-38;-20;-57;-62;-13;-74
80,5;-31;-57;-42;-18;-55;-65;-19;-75
80,6;-34;-55;-42;-18;-58;-62;-20;-72
80,7;-32;-56;-48;-26;-57;-62;-15;-74
80,8;-39;-57;-40;-18;-62;-61;-19;-74
80,9;-32;-56;-42;-18;-63;-67;-20;-67
81;-33;-56;-41;-19;-56;-67;-20;-74
81,1;-33;-56;-42;-18;-62;-61;-20;-74
81,2;-33;-56;-41;-18;-64;-62;-15;-74
81,3;-33;-56;-42;-18;-57;-61;-22;-74
81,4;-32;-57;-42;-19;-57;-62;-20;-73
81,5;-33;-56;-37;-17;-62;-62;-20;-73
81,6;-32;-56;-41;-19;-64;-62;-20;-68
81,7;-32;-55;-42;-19;-62;-62;-26;-69
81,8;-38;-56;-42;-20;-58;-66;-20;-73
81,9;-38;-55;-45;-19;-64;-67;-20;-73
82;-32;-56;-42;-24;-63;-62;-20;-74
82,1;-34;-56;-42;-19;-57;-63;-20;-74
82,2;-32;-56;-41;-17;-57;-68;-20;-74
82,3;-34;-54;-46;-18;-63;-65;-20;-73
82,4;-32;-56;-42;-18;-57;-65;-20;-74
82,5;-30;-56;-42;-18;-58;-66;-22;-74
82,6;-32;-56;-42;-20;-64;-67;-19;-75
82,7;-32;-56;-42;-17;-58;-68;-20;-75
82,8;-39;-57;-48;-23;-57;-69;-20;-75
82,9;-38;-56;-40;-19;-57;-69;-27;-67
83;-38;-56;-41;-18;-56;-67;-20;-74
83,1;-33;-56;-42;-18;-63;-62;-22;-74
83,2;-32;-56;-48;-17;-56;-68;-21;-76
83,3;-31;-56;-42;-18;-63;-67;-20;-74
83,4;-38;-57;-42;-25;-62;-61;-21;-73
83,5;-32;-56;-42;-20;-57;-66;-20;-75
83,6;-39;-58;-42;-23;-58;-66;-13;-74
83,7;-38;-56;-42;-24;-58;-67;-18;-74
83,8;-38;-57;-48;-20;-64;-67;-27;-74
83,9;-32;-58;-42;-18;-63;-68;-19;-73
84;-32;-58;-48;-25;-62;-67;-20;-74
84,1;-30;-54;-40;-24;-63;-67;-22;-75
84,2;-39;-55;-43;-23;-57;-67;-24;-75
84,3;-37;-56;-42;-18;-65;-67;-20;-74
84,4;-37;-56;-42;-18;-64;-60;-26;-74
84,5;-32;-56;-37;-25;-64;-65;-20;-74
84,6;-33;-57;-42;-25;-64;-67;-20;-76
84,7;-38;-55;-42;-24;-62;-67;-20;-73
84,8;-32;-56;-42;-25;-63;-68;-24;-74
84,9;-39;-54;-48;-24;-69;-66;-20;-73
85;-33;-56;-42;-20;-63;-67;-20;-74
85,1;-32;-56;-41;-31;-62;-67;-27;-75
85,2;-38;-56;-40;-18;-62;-67;-26;-74
85,3;-39;-56;-41;-26;-63;-67;-20;-76
85,4;-32;-56;-42;-18;-57;-69;-25;-74
85,5;-38;-56;-48;-25;-64;-67;-21;-74
85,6;-32;-57;-47;-26;-63;-68;-20;-73
85,7;-45;-56;-47;-20;-63;-67;-26;-76
85,8;-34;-56;-44;-20;-63;-68;-27;-76
85,9;-34;-56;-42;-24;-64;-67;-26;-74
86;-33;-55;-43;-18;-70;-68;-24;-74
86,1;-34;-55;-41;-25;-63;-69;-26;-74
86,2;-32;-63;-42;-19;-63;-65;-20;-74
86,3;-30;-57;-41;-24;-69;-67;-20;-72
86,4;-32;-55;-42;-24;-62;-69;-20;-74
86,5;-37;-56;-41;-24;-62;-67;-26;-74
86,6;-33;-56;-48;-24;-64;-66;-27;-73
86,7;-38;-56;-47;-19;-64;-67;-25;-73
86,8;-38;-56;-43;-25;-62;-67;-20;-75
86,9;-39;-56;-43;-24;-64;-67;-20;-74
87;-38;-56;-42;-19;-64;-68;-27;-74
87,1;-32;-56;-40;-20;-66;-69;-27;-74
87,2;-38;-56;-42;-18;-63;-60;-29;-74
87,3;-32;-56;-40;-22;-63;-65;-20;-74
87,4;-33;-57;-43;-20;-64;-68;-26;-76
87,5;-38;-57;-43;-18;-64;-67;-26;-74
87,6;-40;-57;-41;-24;-62;-67;-20;-75
87,7;-32;-57;-41;-19;-57;-69;-26;-80
87,8;-37;-57;-48;-19;-64;-67;-20;-76
87,9;-32;-58;-40;-24;-63;-67;-27;-74
88;-33;-56;-42;-25;-64;-67;-26;-74
88,1;-41;-56;-47;-24;-64;-67;-26;-75
88,2;-32;-56;-42;-26;-62;-68;-26;-76
88,3;-38;-56;-48;-26;-62;-68;-20;-74
88,4;-33;-56;-48;-25;-62;-68;-27;-76
88,5;-32;-55;-41;-19;-62;-69;-27;-75
88,6;-33;-56;-41;-18;-62;-67;-27;-74
88,7;-39;-55;-46;-25;-64;-69;-26;-73
88,8;-32;-62;-42;-24;-62;-67;-26;-75
88,9;-39;-57;-47;-24;-63;-67;-26;-74
89;-39;-56;-40;-25;-62;-69;-26;-82
89,1;-38;-56;-47;-24;-61;-65;-25;-74
89,2;-38;-54;-46;-25;-69;-67;-27;-76
89,3;-38;-55;-42;-24;-57;-74;-19;-82
89,4;-39;-56;-48;-25;-64;-68;-26;-75
89,5;-34;-56;-48;-25;-63;-67;-18;-74
89,6;-37;-62;-47;-26;-63;-68;-26;-81
89,7;-39;-56;-47;-23;-64;-68;-27;-74
89,8;-39;-56;-48;-24;-69;-67;-27;-85
89,9;-38;-56;-48;-24;-66;-68;-26;-74
90;-38;-58;-42;-23;-57;-69;-26;-74
90,1;-39;-56;-49;-31;-64;-68;-24;-81
90,2;-31;-56;-48;-25;-62;-68;-19;-74
90,3;-45;-56;-48;-25;-66;-73;-27;-81
90,4;-32;-62;-42;-26;-69;-69;-26;-82
90,5;-39;-56;-48;-26;-62;-68;-26;-75
90,6;-39;-56;-42;-25;-64;-70;-26;-82
90,7;-38;-61;-46;-25;-64;-69;-24;-75
90,8;-39;-64;-48;-24;-64;-69;-27;-81
90,9;-39;-56;-43;-19;-63;-67;-27;-81
91;-39;-56;-48;-24;-64;-68;-27;-81
91,1;-38;-56;-50;-25;-63;-67;-26;-80
91,2;-39;-56;-45;-24;-71;-67;-26;-82
91,3;-39;-56;-48;-26;-62;-67;-26;-80
91,4;-39;-56;-48;-24;-63;-74;-26;-82
91,5;-38;-57;-48;-26;-60;-68;-26;-80
91,6;-40;-56;-41;-24;-69;-68;-26;-82
91,7;-39;-57;-42;-24;-62;-69;-27;-80
91,8;-38;-62;-48;-23;-69;-67;-28;-81
91,9;-38;-62;-48;-24;-70;-67;-27;-80
92;-38;-57;-48;-26;-70;-68;-27;-81
92,1;-39;-58;-43;-26;-62;-67;-18;-82
92,2;-39;-56;-49;-26;-69;-68;-27;-81
92,3;-38;-56;-48;-19;-68;-68;-26;-75
92,4;-39;-56;-48;-25;-70;-69;-26;-80
92,5;-47;-56;-48;-26;-70;-67;-27;-80
92,6;-39;-56;-48;-24;-68;-69;-24;-80
92,7;-38;-58;-49;-24;-71;-69;-27;-80
92,8;-39;-56;-47;-24;-69;-67;-26;-80
92,9;-45;-57;-48;-24;-70;-74;-27;-80
93;-39;-57;-48;-25;-70;-68;-26;-80
93,1;-39;-56;-49;-24;-70;-68;-26;-86
93,2;-39;-58;-48;-26;-70;-68;-26;-81
93,3;-39;-55;-46;-25;-69;-68;-28;-81
93,4;-38;-55;-43;-30;-70;-69;-26;-79
93,5;-45;-56;-48;-25;-71;-69;-31;-82
93,6;-39;-61;-49;-31;-70;-65;-26;-80
93,7;-46;-56;-48;-23;-69;-67;-26;-82
93,8;-39;-56;-47;-25;-70;-68;-26;-80
93,9;-38;-58;-47;-22;-70;-69;-26;-87
94;-45;-62;-44;-26;-69;-67;-25;-80
94,1;-37;-62;-46;-25;-70;-68;-25;-82
94,2;-39;-56;-48;-24;-70;-73;-26;-81
94,3;-39;-56;-48;-24;-71;-67;-26;-89
94,4;-38;-56;-49;-26;-70;-67;-27;-82
94,5;-40;-62;-41;-19;-68;-67;-27;-80
94,6;-38;-56;-48;-25;-71;-69;-27;-80
94,7;-39;-57;-47;-24;-70;-67;-27;-85
94,8;-38;-62;-48;-25;-63;-67;-26;-86
94,9;-39;-56;-46;-25;-70;-67;-26;-80
95;-40;-61;-48;-25;-70;-67;-26;-81
95,1;-39;-63;-48;-23;-70;-67;-26;-80
95,2;-39;-57;-47;-26;-63;-68;-26;-81
95,3;-38;-55;-48;-31;-63;-74;-26;-82
95,4;-39;-62;-49;-26;-70;-73;-26;-89
95,5;-39;-57;-47;-24;-70;-68;-26;-82
95,6;-39;-56;-48;-24;-69;-69;-26;-89
95,7;-38;-62;-46;-24;-70;-67;-27;-82
95,8;-38;-62;-48;-32;-70;-74;-27;-75
95,9;-38;-54;-48;-31;-70;-73;-26;-82
96;-39;-62;-48;-24;-70;-73;-26;-82
96,1;-41;-63;-46;-27;-68;-67;-26;-86
96,2;-38;-68;-48;-26;-70;-69;-26;-88
96,3;-39;-61;-48;-29;-70;-67;-27;-81
96,4;-38;-62;-48;-24;-70;-67;-27;-80
96,5;-40;-62;-48;-30;-71;-73;-25;-87
96,6;-39;-57;-47;-31;-70;-69;-26;-86
96,7;-43;-61;-48;-26;-69;-68;-26;-80
96,8;-46;-62;-48;-31;-68;-73;-26;-80
96,9;-39;-62;-49;-24;-71;-74;-27;-87
97;-45;-62;-48;-26;-70;-77;-27;-88
97,1;-40;-62;-48;-32;-70;-74;-25;-87
97,2;-44;-63;-47;-25;-70;-67;-27;-80
97,3;-39;-56;-48;-31;-71;-73;-26;-87
97,4;-44;-61;-48;-30;-71;-69;-28;-89
97,5;-38;-62;-47;-32;-70;-74;-27;-88
97,6;-39;-62;-47;-25;-70;-67;-26;-89
97,7;-39;-62;-48;-30;-68;-74;-26;-86
97,8;-45;-64;-47;-31;-68;-73;-26;-88
97,9;-39;-56;-46;-37;-70;-74;-26;-80
98;-38;-69;-48;-31;-70;-74;-26;-81
98,1;-47;-67;-47;-31;-69;-74;-24;-81
98,2;-45;-57;-48;-29;-70;-74;-27;-82
98,3;-42;-57;-48;-31;-70;-71;-25;-89
98,4;-43;-56;-42;-24;-70;-74;-28;-83
98,5;-45;-63;-47;-31;-70;-73;-26;-87
98,6;-46;-63;-48;-31;-70;-73;-26;-87
98,7;-40;-56;-48;-30;-70;-73;-27;-86
98,8;-39;-56;-47;-29;-71;-74;-26;-80
98,9;-39;-56;-44;-30;-69;-74;-26;-85
99;-39;-56;-48;-29;-71;-74;-26;-80
99,1;-45;-54;-49;-31;-70;-73;-26;-87
99,2;-45;-62;-48;-26;-70;-74;-26;-87
99,3;-47;-67;-48;-31;-69;-74;-33;-81
99,4;-46;-56;-48;-26;-70;-74;-27;-86
99,5;-45;-62;-47;-31;-70;-73;-26;-87
99,6;-47;-63;-48;-24;-69;-73;-24;-87
99,7;-45;-62;-48;-29;-71;-73;-27;-87
99,8;-45;-62;-46;-24;-70;-74;-26;-87
99,9;-45;-63;-47;-26;-69;-73;-26;-87
100;-38;-60;-46;-24;-70;-74;-27;-87
100,1;-40;-61;-48;-24;-71;-73;-26;-87
100,2;-46;-64;-46;-25;-69;-74;-26;-87
100,3;-40;-63;-47;-26;-70;-74;-27;-87
100,4;-39;-62;-47;-25;-70;-72;-27;-87
100,5;-44;-62;-46;-22;-70;-73;-27;-87
100,6;-45;-62;-47;-23;-70;-74;-25;-89
100,7;-45;-62;-48;-37;-71;-74;-26;-87
100,8;-39;-68;-48;-24;-71;-79;-26;-87
100,9;-44;-62;-46;-24;-70;-73;-26;-88
101;-46;-63;-47;-26;-70;-74;-27;-85
101,1;-45;-61;-47;-24;-70;-74;-27;-88
101,2;-46;-62;-47;-24;-70;-81;-26;-87
101,3;-43;-62;-46;-26;-70;-79;-26;-87
101,4;-45;-62;-48;-24;-70;-75;-27;-89
101,5;-46;-62;-48;-24;-70;-75;-28;-87
101,6;-43;-63;-46;-24;-70;-72;-27;-88
101,7;-46;-63;-48;-26;-69;-73;-26;-88
101,8;-45;-62;-46;-25;-70;-73;-26;-88
101,9;-42;-63;-47;-26;-70;-73;-26;-87
102;-45;-62;-48;-18;-70;-74;-26;-88
102,1;-45;-62;-46;-25;-70;-73;-26;-88
102,2;-45;-64;-48;-26;-70;-75;-26;-87
102,3;-45;-69;-47;-26;-71;-80;-26;-87
102,4;-41;-60;-53;-26;-70;-80;-26;-87
102,5;-45;-64;-48;-26;-71;-73;-26;-87
102,6;-45;-62;-48;-26;-70;-74;-25;-88
102,7;-46;-67;-47;-24;-68;-79;-26;-87
102,8;-39;-61;-47;-25;-70;-80;-27;-87
102,9;-45;-64;-48;-25;-71;-73;-25;-86
103;-45;-63;-48;-26;-68;-74;-24;-86
103,1;-45;-62;-47;-26;-70;-74;-27;-87
103,2;-45;-62;-46;-25;-69;-74;-26;-87
103,3;-45;-62;-48;-25;-71;-80;-26;-88
103,4;-44;-63;-48;-26;-70;-80;-28;-87
103,5;-46;-64;-46;-25;-70;-73;-28;-87
103,6;-45;-69;-46;-26;-68;-74;-26;-87
103,7;-45;-62;-47;-25;-70;-74;-27;-87
103,8;-47;-62;-46;-25;-70;-76;-27;-87
103,9;-44;-67;-48;-26;-70;-74;-26;-86
104;-47;-67;-46;-26;-68;-75;-24;-87
104,1;-47;-56;-48;-32;-70;-73;-28;-87
104,2;-45;-68;-47;-31;-69;-76;-26;-87
104,3;-45;-62;-47;-31;-70;-73;-26;-87
104,4;-45;-69;-48;-31;-68;-80;-26;-85
104,5;-39;-63;-47;-30;-70;-74;-27;-87
104,6;-46;-62;-47;-31;-70;-74;-26;-87
104,7;-45;-67;-48;-31;-69;-81;-26;-87
104,8;-38;-69;-46;-31;-70;-75;-26;-86
104,9;-47;-62;-48;-25;-71;-80;-26;-87
105;-44;-68;-48;-31;-71;-74;-26;-87
105,1;-46;-62;-48;-30;-70;-74;-26;-87
105,2;-45;-68;-48;-30;-73;-73;-26;-87
105,3;-46;-70;-46;-31;-70;-80;-26;-85
105,4;-46;-67;-46;-31;-70;-80;-27;-87
105,5;-46;-74;-46;-31;-71;-79;-26;-88
105,6;-45;-63;-48;-30;-71;-80;-26;-87
105,7;-44;-63;-48;-31;-71;-77;-26;-88
105,8;-39;-62;-48;-26;-70;-80;-27;-88
105,9;-45;-62;-47;-26;-70;-79;-25;-86
106;-45;-71;-48;-25;-76;-80;-32;-87
106,1;-44;-69;-48;-31;-71;-80;-28;-86
106,2;-46;-63;-53;-33;-70;-78;-26;-87
106,3;-45;-63;-47;-29;-71;-80;-32;-87
106,4;-45;-62;-48;-29;-70;-80;-27;-87
106,5;-45;-69;-55;-27;-70;-81;-26;-87
106,6;-45;-61;-48;-26;-70;-81;-33;-85
106,7;-46;-67;-47;-31;-70;-80;-25;-87
106,8;-47;-66;-48;-29;-77;-80;-32;-85
106,9;-45;-68;-47;-25;-70;-80;-27;-87
107;-45;-67;-48;-31;-75;-81;-26;-88
107,1;-45;-67;-48;-31;-75;-80;-26;-87
107,2;-45;-69;-48;-31;-71;-82;-27;-88
107,3;-45;-69;-46;-26;-75;-79;-26;-87
107,4;-45;-67;-48;-30;-70;-80;-27;-87
107,5;-44;-69;-48;-30;-77;-73;-26;-87
107,6;-45;-67;-48;-29;-70;-78;-27;-87
107,7;-45;-63;-47;-31;-70;-74;-26;-86
107,8;-45;-63;-48;-31;-76;-75;-26;-88
107,9;-43;-62;-47;-31;-70;-80;-26;-92
108;-43;-69;-48;-31;-69;-80;-26;-86
108,1;-45;-69;-48;-26;-76;-78;-26;-87
108,2;-45;-68;-48;-25;-76;-80;-27;-90
108,3;-45;-62;-46;-24;-75;-73;-27;-87
108,4;-45;-67;-46;-31;-71;-80;-33;-88
108,5;-45;-68;-52;-31;-76;-80;-27;-93
108,6;-45;-62;-47;-31;-75;-79;-26;-87
108,7;-44;-62;-46;-31;-71;-80;-38;-88
108,8;-46;-69;-49;-24;-69;-79;-27;-87
108,9;-45;-68;-47;-30;-70;-80;-26;-93
109;-45;-67;-47;-37;-73;-80;-26;-88
109,1;-45;-67;-54;-31;-77;-82;-33;-87
109,2;-45;-68;-46;-32;-75;-80;-27;-88
109,3;-45;-69;-48;-24;-78;-80;-33;-87
109,4;-45;-69;-47;-31;-76;-80;-33;-87
109,5;-45;-68;-48;-31;-71;-80;-33;-94
109,6;-46;-68;-47;-31;-71;-81;-26;-88
109,7;-46;-64;-54;-31;-70;-80;-26;-88
109,8;-45;-68;-47;-24;-77;-82;-26;-88
109,9;-45;-68;-46;-31;-77;-81;-32;-94
110;-44;-64;-48;-29;-77;-80;-33;-86
110,1;-45;-69;-48;-31;-70;-80;-26;-87
110,2;-46;-67;-48;-31;-77;-80;-27;-88
110,3;-45;-67;-47;-31;-77;-80;-33;-93
110,4;-44;-69;-48;-32;-74;-81;-28;-87
110,5;-45;-67;-47;-31;-70;-79;-27;-89
110,6;-45;-68;-49;-32;-76;-80;-27;-93
110,7;-46;-68;-46;-31;-76;-80;-27;-87
110,8;-45;-69;-48;-30;-75;-78;-27;-85
110,9;-45;-69;-48;-32;-76;-79;-32;-88
111;-46;-69;-48;-32;-74;-79;-27;-91
111,1;-44;-69;-48;-26;-77;-80;-30;-94
111,2;-45;-69;-48;-29;-75;-80;-27;-93
111,3;-45;-69;-48;-26;-71;-79;-31;-87
111,4;-45;-67;-46;-31;-71;-81;-27;-87
111,5;-45;-69;-46;-28;-76;-80;-27;-94
111,6;-46;-69;-48;-32;-76;-80;-28;-93
111,7;-45;-68;-48;-31;-76;-79;-26;-93
111,8;-45;-69;-48;-31;-70;-80;-27;-93
111,9;-46;-68;-48;-31;-76;-80;-28;-87
112;-45;-69;-48;-29;-75;-81;-26;-87
112,1;-45;-63;-47;-33;-71;-80;-26;-92
112,2;-45;-70;-47;-31;-76;-79;-31;-93
112,3;-46;-68;-47;-32;-70;-80;-26;-93
112,4;-45;-69;-48;-31;-71;-80;-26;-87
112,5;-44;-68;-47;-30;-70;-80;-32;-94
112,6;-45;-75;-48;-30;-70;-79;-32;-94
112,7;-51;-69;-47;-29;-77;-78;-26;-94
112,8;-45;-68;-54;-31;-70;-79;-27;-93
112,9;-45;-69;-47;-26;-68;-82;-27;-87
113;-46;-69;-47;-31;-75;-78;-33;-93
113,1;-45;-67;-48;-26;-76;-86;-33;-94
113,2;-45;-69;-46;-31;-75;-79;-34;-94
113,3;-45;-62;-47;-24;-81;-81;-33;-93
113,4;-45;-67;-48;-25;-77;-80;-33;-93
113,5;-45;-62;-47;-31;-77;-81;-33;-99
113,6;-46;-76;-47;-25;-75;-80;-27;-93
113,7;-45;-62;-46;-30;-82;-80;-33;-93
113,8;-46;-64;-46;-30;-76;-80;-31;-98
113,9;-46;-60;-47;-30;-76;-78;-33;-93
114;-45;-68;-47;-26;-76;-78;-32;-94
114,1;-52;-69;-47;-31;-76;-80;-27;-93
114,2;-45;-67;-47;-31;-76;-80;-34;-93
114,3;-45;-61;-46;-38;-75;-80;-33;-94
114,4;-44;-68;-47;-30;-77;-80;-33;-93
114,5;-45;-56;-48;-31;-76;-79;-27;-94
114,6;-45;-67;-48;-30;-75;-80;-33;-93
114,7;-47;-68;-47;-32;-77;-80;-26;-93
114,8;-44;-62;-48;-26;-76;-80;-32;-94
114,9;-45;-69;-54;-25;-75;-81;-32;-94
115;-45;-69;-53;-33;-75;-81;-33;-93
115,1;-45;-69;-48;-32;-82;-80;-33;-93
115,2;-45;-69;-46;-30;-75;-80;-28;-93
115,3;-45;-69;-49;-30;-76;-79;-28;-93
115,4;-44;-69;-46;-31;-77;-81;-31;-91
115,5;-44;-69;-48;-31;-82;-80;-32;-95
115,6;-51;-69;-48;-31;-77;-80;-33;-94
115,7;-45;-68;-49;-30;-77;-79;-27;-94
115,8;-45;-69;-46;-30;-74;-79;-32;-93
115,9;-45;-63;-49;-33;-82;-80;-32;-94
116;-45;-68;-53;-31;-83;-80;-33;-92
116,1;-46;-68;-47;-32;-76;-80;-33;-94
116,2;-46;-68;-48;-31;-81;-80;-27;-98
116,3;-45;-67;-48;-31;-75;-80;-33;-93
116,4;-45;-72;-47;-33;-77;-79;-37;-98
116,5;-46;-71;-48;-30;-82;-80;-32;-92
116,6;-45;-67;-48;-30;-82;-81;-34;-94
116,7;-46;-69;-48;-29;-75;-80;-32;-97
116,8;-45;-68;-48;-30;-75;-80;-34;-93
116,9;-45;-67;-47;-24;-81;-80;-33;-98
117;-45;-74;-48;-26;-76;-78;-33;-100
117,1;-45;-69;-48;-30;-76;-79;-33;-100
117,2;-45;-68;-48;-32;-75;-79;-27;-94
117,3;-44;-67;-47;-30;-82;-80;-33;-94
117,4;-45;-68;-48;-30;-77;-80;-32;-93
117,5;-45;-70;-47;-25;-76;-80;-31;-92
117,6;-44;-67;-47;-30;-82;-79;-31;-100
117,7;-44;-69;-45;-29;-75;-80;-38;-99
117,8;-46;-73;-47;-31;-77;-80;-31;-94
117,9;-45;-74;-47;-31;-77;-78;-31;-92
118;-45;-74;-47;-24;-82;-79;-33;-93
118,1;-45;-69;-50;-29;-75;-81;-38;-93
118,2;-44;-75;-49;-31;-76;-80;-33;-99
118,3;-44;-74;-48;-31;-75;-79;-38;-94
118,4;-45;-73;-46;-31;-76;-85;-26;-93
118,5;-47;-74;-48;-29;-79;-80;-32;-100
118,6;-45;-69;-48;-31;-77;-80;-33;-101
118,7;-44;-69;-48;-28;-77;-80;-26;-99
118,8;-45;-69;-48;-31;-75;-79;-32;-100
118,9;-43;-74;-48;-31;-84;-80;-32;-101
119;-46;-69;-53;-31;-76;-81;-32;-100
119,1;-45;-68;-53;-31;-77;-80;-33;-95
119,2;-44;-76;-54;-31;-76;-80;-33;-98
119,3;-45;-74;-48;-31;-76;-85;-33;-94
119,4;-45;-69;-48;-26;-80;-80;-32;-100
119,5;-44;-75;-48;-31;-80;-80;-33;-98
119,6;-51;-69;-51;-32;-75;-80;-26;-100
119,7;-45;-69;-48;-37;-75;-85;-31;-93
119,8;-44;-75;-46;-30;-76;-79;-33;-100
119,9;-46;-69;-48;-31;-75;-81;-33;-100
120;-45;-69;-48;-30;-75;-80;-32;-99
120,1;-45;-69;-50;-31;-78;-79;-34;-93
120,2;-46;-69;-51;-30;-82;-81;-33;-99
120,3;-45;-69;-48;-30;-80;-86;-35;-99
120,4;-46;-67;-47;-31;-81;-83;-35;-100
120,5;-45;-76;-53;-31;-75;-86;-32;-93
120,6;-45;-66;-53;-37;-83;-81;-32;-100
120,7;-45;-69;-54;-29;-82;-80;-34;-98
120,8;-52;-75;-53;-31;-80;-80;-40;-99
120,9;-45;-68;-48;-31;-82;-85;-32;-106
121;-44;-74;-54;-32;-79;-79;-33;-97
121,1;-45;-68;-48;-30;-82;-78;-32;-97
121,2;-52;-76;-47;-31;-78;-86;-39;-100
121,3;-45;-73;-53;-31;-81;-85;-33;-99
121,4;-46;-69;-53;-31;-81;-80;-33;-95
121,5;-45;-76;-48;-31;-83;-80;-32;-100
121,6;-45;-73;-48;-30;-82;-85;-38;-98
121,7;-48;-69;-53;-31;-81;-80;-32;-100
121,8;-44;-68;-47;-37;-82;-85;-33;-100
121,9;-45;-73;-47;-30;-81;-80;-33;-100
122;-45;-76;-53;-32;-82;-85;-32;-97
122,1;-45;-68;-47;-31;-82;-84;-32;-100
122,2;-48;-68;-47;-30;-82;-85;-32;-99
122,3;-45;-74;-48;-30;-83;-81;-32;-100
122,4;-52;-73;-48;-31;-81;-85;-33;-100
122,5;-45;-69;-53;-31;-82;-85;-33;-100
122,6;-45;-68;-48;-32;-76;-86;-31;-99
122,7;-46;-68;-51;-37;-82;-86;-33;-99
122,8;-44;-74;-46;-31;-82;-87;-32;-107
122,9;-47;-75;-55;-33;-80;-82;-33;-99
123;-45;-74;-59;-31;-82;-86;-33;-106
123,1;-45;-69;-53;-31;-83;-86;-33;-98
123,2;-45;-70;-54;-30;-81;-85;-31;-100
123,3;-46;-74;-48;-37;-82;-80;-34;-100
123,4;-46;-76;-54;-30;-81;-86;-33;-99
123,5;-45;-74;-47;-31;-82;-86;-35;-100
123,6;-46;-69;-53;-32;-82;-85;-33;-98
123,7;-45;-67;-52;-29;-81;-85;-33;-100
123,8;-47;-69;-54;-30;-82;-86;-33;-98
123,9;-44;-74;-48;-37;-82;-91;-33;-107
124;-45;-74;-53;-30;-82;-85;-33;-98
124,1;-45;-69;-46;-31;-82;-87;-32;-100
124,2;-45;-74;-47;-31;-82;-85;-33;-99
124,3;-47;-69;-55;-30;-82;-85;-33;-101
124,4;-45;-74;-47;-31;-84;-85;-33;-98
124,5;-45;-76;-53;-33;-82;-80;-33;-100
124,6;-44;-74;-46;-30;-83;-87;-33;-100
124,7;-46;-69;-54;-31;-81;-84;-33;-99
124,8;-45;-74;-47;-30;-81;-86;-40;-104
124,9;-46;-74;-48;-30;-83;-86;-33;-100
125;-45;-75;-53;-30;-82;-86;-33;-98
125,1;-44;-74;-48;-31;-84;-85;-38;-99
125,2;-49;-74;-47;-29;-82;-86;-33;-99
125,3;-43;-74;-52;-31;-83;-80;-32;-107
125,4;-46;-75;-51;-38;-81;-80;-32;-100
125,5;-44;-70;-49;-30;-81;-87;-33;-100
125,6;-46;-74;-54;-32;-82;-84;-33;-99
125,7;-45;-74;-53;-31;-82;-87;-33;-98
125,8;-44;-75;-53;-38;-77;-86;-33;-94
125,9;-45;-74;-52;-37;-81;-85;-33;-98
126;-51;-75;-53;-37;-80;-87;-33;-99
126,1;-45;-75;-53;-31;-81;-83;-38;-104
126,2;-45;-75;-53;-37;-82;-85;-32;-105
126,3;-52;-75;-53;-31;-83;-85;-38;-100
126,4;-46;-74;-53;-31;-76;-83;-32;-100
126,5;-45;-76;-54;-32;-82;-85;-33;-100
126,6;-50;-75;-46;-31;-82;-87;-32;-105
126,7;-50;-74;-53;-32;-82;-86;-34;-105
126,8;-46;-74;-53;-31;-83;-86;-32;-105
126,9;-45;-76;-47;-38;-82;-85;-38;-104
127;-45;-74;-55;-37;-82;-87;-38;-105
127,1;-45;-74;-52;-31;-83;-85;-32;-106
127,2;-45;-74;-55;-30;-82;-85;-39;-106
127,3;-49;-75;-53;-35;-82;-86;-40;-106
127,4;-45;-74;-55;-31;-82;-91;-33;-105
127,5;-58;-75;-60;-32;-80;-84;-39;-100
127,6;-46;-75;-53;-38;-82;-87;-39;-105
127,7;-44;-73;-53;-37;-81;-92;-33;-105
127,8;-46;-76;-53;-37;-82;-86;-36;-106
127,9;-45;-75;-47;-31;-83;-92;-32;-107
128;-45;-75;-54;-36;-82;-84;-33;-106
128,1;-46;-74;-54;-31;-84;-85;-38;-105
128,2;-47;-74;-55;-38;-82;-90;-33;-105
128,3;-51;-75;-53;-31;-81;-92;-32;-99
128,4;-44;-74;-53;-30;-82;-89;-38;-105
128,5;-45;-75;-55;-37;-81;-86;-45;-100
128,6;-45;-75;-55;-37;-84;-87;-38;-106
128,7;-48;-74;-55;-38;-82;-86;-39;-107
128,8;-58;-74;-53;-35;-80;-85;-34;-107
128,9;-50;-76;-55;-37;-81;-85;-46;-107
129;-45;-77;-54;-39;-82;-92;-40;-107
129,1;-45;-75;-53;-37;-82;-85;-46;-106
129,2;-45;-74;-53;-36;-79;-92;-38;-106
129,3;-58;-75;-54;-31;-81;-86;-38;-105
129,4;-47;-74;-53;-31;-82;-89;-34;-105
129,5;-47;-75;-53;-30;-82;-87;-38;-105
129,6;-51;-75;-53;-30;-82;-87;-38;-107
129,7;-45;-77;-59;-31;-82;-85;-39;-105
129,8;-50;-73;-53;-39;-82;-91;-40;-105
129,9;-52;-74;-53;-31;-82;-94;-33;-100
130;-52;-74;-53;-32;-83;-92;-33;-106
130,1;-50;-75;-53;-31;-82;-93;-33;-105
130,2;-47;-73;-54;-31;-82;-92;-38;-99
130,3;-52;-75;-54;-31;-82;-85;-38;-106
130,4;-52;-74;-52;-31;-83;-87;-37;-100
130,5;-50;-74;-54;-32;-83;-85;-38;-104
130,6;-45;-75;-53;-31;-82;-92;-38;-105
130,7;-51;-74;-54;-38;-81;-85;-32;-105
130,8;-52;-74;-53;-38;-82;-85;-38;-106
130,9;-51;-74;-53;-31;-82;-85;-40;-106
131;-50;-74;-54;-38;-81;-84;-33;-106
131,1;-52;-74;-54;-30;-82;-92;-33;-105
131,2;-51;-74;-53;-31;-82;-93;-40;-106
131,3;-50;-74;-54;-33;-83;-85;-33;-105
131,4;-58;-74;-53;-31;-82;-85;-38;-107
131,5;-51;-74;-59;-31;-82;-84;-38;-107
131,6;-50;-74;-53;-38;-81;-84;-36;-106
131,7;-45;-74;-54;-33;-81;-85;-38;-105
131,8;-50;-75;-53;-31;-82;-85;-38;-106
131,9;-57;-73;-53;-37;-82;-84;-38;-106
132;-52;-73;-53;-31;-82;-84;-38;-107
132,1;-52;-75;-53;-37;-81;-85;-39;-105
132,2;-50;-73;-55;-30;-82;-91;-39;-106
132,3;-52;-74;-60;-27;-82;-92;-32;-107
132,4;-50;-73;-53;-38;-84;-91;-33;-105
132,5;-50;-74;-55;-32;-82;-93;-39;-107
132,6;-45;-75;-54;-37;-82;-86;-39;-107
132,7;-50;-74;-51;-31;-80;-85;-32;-106
132,8;-46;-76;-55;-38;-82;-91;-37;-105
132,9;-52;-75;-54;-37;-82;-87;-33;-105
133;-50;-73;-47;-38;-84;-92;-33;-106
133,1;-51;-76;-55;-38;-81;-93;-33;-105
133,2;-50;-75;-53;-37;-83;-93;-38;-106
133,3;-51;-76;-53;-37;-82;-93;-37;-106
133,4;-45;-76;-54;-35;-83;-85;-32;-107
133,5;-52;-76;-56;-37;-82;-87;-32;-105
133,6;-51;-76;-53;-36;-84;-85;-39;-105
133,7;-59;-73;-54;-38;-82;-91;-40;-105
133,8;-52;-75;-57;-31;-84;-92;-33;-106
133,9;-52;-75;-54;-37;-82;-91;-33;-105
134;-52;-75;-54;-37;-84;-91;-38;-105
134,1;-46;-75;-55;-36;-82;-91;-32;-107
134,2;-51;-76;-52;-38;-82;-93;-39;-105
134,3;-52;-74;-53;-38;-83;-91;-39;-105
134,4;-51;-75;-59;-38;-84;-92;-39;-106
134,5;-52;-75;-59;-37;-82;-93;-39;-106
134,6;-52;-74;-53;-36;-82;-92;-38;-107
134,7;-50;-74;-53;-37;-83;-93;-33;-107
134,8;-51;-75;-53;-38;-81;-92;-38;-105
134,9;-44;-74;-54;-31;-86;-91;-38;-105
135;-51;-76;-53;-35;-89;-91;-38;-106
135,1;-50;-74;-53;-37;-88;-91;-33;-105
135,2;-44;-75;-55;-36;-82;-91;-40;-107
135,3;-51;-74;-54;-31;-81;-92;-37;-105
135,4;-56;-73;-60;-33;-81;-91;-38;-106
135,5;-50;-74;-59;-38;-83;-92;-38;-106
135,6;-50;-74;-59;-37;-81;-90;-39;-105